name,countries,logo
24S,global,https://d1guu6n8gz71j.cloudfront.net/system/asset/logos/1115154/logo_mobile.png?1664809554
5 Gum,global,https://upload.wikimedia.org/wikipedia/commons/thumb/0/0f/Wrigley%27s_5_Logo.jpg/180px-Wrigley%27s_5_Logo.jpg
7Days,global,https://www.leclerc.rzeszow.pl/foto_shop/188/7-days_220713045433.jpg
7up,global,https://assets.turbologo.com/blog/en/2020/02/19084627/7up-cover.jpg
8fig,global,https://images.spr.so/cdn-cgi/imagedelivery/j42No7y-dcokJuNgXeA0ig/3ddd5fbb-0020-43be-a1a3-e3353717d712/8fig-logo_cyan-green_RGB_cropped-300x191-1/w=450
Abu Siouf,global,https://www.aozhouclick.com/png/abusiouf_1080x1080%5B1%5D_0dbe9.png?itok=J-eMjdIU
ABZ Pharma,global,
Acana,global,https://www.petsearth.com/wp-content/uploads/2018/03/Acana-logo-e1490413721784.png
Acqua Di Parma,global,https://senteursdailleurs.com/img/m/20.jpg
Acqua Panna,global,https://upload.wikimedia.org/wikipedia/commons/thumb/8/8a/Acqua_Panna_logo.svg/1200px-Acqua_Panna_logo.svg.png
Actimel,global,https://upload.wikimedia.org/wikipedia/commons/d/dc/Actimel_Logo.png
Activia,global,https://assets-us-01.kc-usercontent.com/f5a2b33b-f1c1-0070-ebd4-26269b6538af/3847198a-dd67-4f9d-972d-b45bd6cbe773/Logo%20Activia_1.png?fm=png&h=150&q=80
AdeS,global,https://uspto.report/TM/90111246/mark.png
Adidas,global,https://adidasunderwear.com/cdn/shop/files/Sportswear_Logo_BWp_180x.png
AERIN,global,
Aero,global,https://pbs.twimg.com/profile_images/1572133079124156417/5HRdFO3L_400x400.jpg
Aesop,global,
Affogata,global,https://images.spr.so/cdn-cgi/imagedelivery/j42No7y-dcokJuNgXeA0ig/6561612e-d08d-4002-ab63-abf6d65030ef/Affogata-logo-NEW/w=450
Afrin,global,https://cdn.worldvectorlogo.com/logos/afrin.svg
Agoda,global,https://logowik.com/content/uploads/images/agoda7659.jpg
Ahava,global,https://upload.wikimedia.org/wikipedia/commons/8/81/AhavaLogo.png
AI21 Labs,global,https://images.spr.so/cdn-cgi/imagedelivery/j42No7y-dcokJuNgXeA0ig/ec970611-9586-49ea-b4a6-97188a5fea4c/64f05d8a45e1c6882bfa0ca3_Announcement/w=450
Aidoc,global,https://images.spr.so/cdn-cgi/imagedelivery/j42No7y-dcokJuNgXeA0ig/3608ad95-6489-41f8-9eb2-47754fcdda57/aidoc/w=450
Airbnb,global,https://s.yimg.com/uu/api/res/1.2/Bz8iDlw16Zf6PVc.y33xdg--~B/aD0zOTA7dz02MTA7YXBwaWQ9eXRhY2h5b24-/http://globalfinance.zenfs.com/Finance/US_AHTTP_ENTREPRENEUR_H_NEW_LIVE/1405612741-airbnb-why-new-logo_original.jpg
Airwaves,global,https://aus.mars.com/sites/g/files/jydpyr531/files/styles/brands_grid/public/2019-07/airwaves%20%282%29.png
Airwick,global,
Aldi Nord (not UK),global,https://logowik.com/content/uploads/images/aldi8490.jpg
Aligned,global,https://images.spr.so/cdn-cgi/imagedelivery/j42No7y-dcokJuNgXeA0ig/6787f2ac-46c7-4abe-9326-ab223fe29c0a/aligned3/w=450
Align Probiotic,global,https://images.ctfassets.net/iixu8n1snh6y/4HRKgnHW2rSWu6PrPz8Cnb/0a4e45413fe5c6e3291aa44bd3a86395/ALIGN_US_LOGO_noSpirals2.png
Alpen Gold,global,
Alpro,global,https://static.wikia.nocookie.net/logopedia/images/6/6c/Alpro-2012.png/revision/latest?cb=20210807125043
Altoids,global,https://cdn.worldvectorlogo.com/logos/altoids.svg
Alvalle,global,"https://images.crunchbase.com/image/upload/c_lpad,f_auto,q_auto:eco,dpr_1/wgkpigtrdif3a3fe4pzw"
Always,global,https://logowik.com/content/uploads/images/327_always.jpg
Amazon,global,https://1000logos.net/wp-content/uploads/2016/10/Amazon-logo-meaning.jpg
Ambi Pur,global,https://seeklogo.com/images/A/ambi-pur-logo-9AD18672D4-seeklogo.com.png
Amdocs,global,https://images.spr.so/cdn-cgi/imagedelivery/j42No7y-dcokJuNgXeA0ig/23b0aaec-90b3-4c23-a40b-3b10eb81ebca/amdocs/w=450
American Eagle,global,https://logowik.com/content/uploads/images/american-eagle-outfitters7114.jpg
American Heritage Chocolate,global,https://american-heritage-chocolates.s3.amazonaws.com/assets/uploads/2018/10/29215446/FINAL-FULL-AHC-LOGO-1024x796.png
Amika,global,https://www.loveamika.co.uk/c-images/fb-image.png
Anima,global,https://images.spr.so/cdn-cgi/imagedelivery/j42No7y-dcokJuNgXeA0ig/217a9184-b333-4c8e-9ec4-232d09c79faa/anima/w=450
Apiiro,global,https://images.spr.so/cdn-cgi/imagedelivery/j42No7y-dcokJuNgXeA0ig/b63b8e87-5b99-4032-b885-a030a0e263bf/7509eead3518f9b45d72237c5d0bf6bab033ee25-1340x894/w=450
Appletiser,global,https://upload.wikimedia.org/wikipedia/fr/thumb/e/ea/Appletiser-logo.jpg/1200px-Appletiser-logo.jpg
Appsflyer,global,https://images.spr.so/cdn-cgi/imagedelivery/j42No7y-dcokJuNgXeA0ig/01efbefa-9768-4a34-a64c-5dca33783a97/AFLogo_primary/w=450
Appwrite,global,https://images.spr.so/cdn-cgi/imagedelivery/j42No7y-dcokJuNgXeA0ig/69b88bc6-5241-4dcb-a12c-a8c5f8624a67/appwriteio-ar21/w=450
Aptamil,global,https://m.media-amazon.com/images/S/gladiator-image-upload-prod/1/A1F83G8C2ARO7P/3bab32d28f3163d50886787666d98b3b.png
Aqua,global,https://seeklogo.com/images/A/aqua-2019-logo-76CDAC4BF2-seeklogo.com.png
Aquafina,global,https://d1yjjnpx0p53s8.cloudfront.net/styles/logo-thumbnail/s3/072017/untitled-4_4.png
Aquarius,global,https://cdn.worldvectorlogo.com/logos/aquarius.svg
Aqua Security,global,https://www.aquasec.com/wp-content/uploads/2022/06/Aqua-Logo-Color-RGB-2022-300x300-1.jpg
Aquence,global,
aramis,global,
Ariel,global,https://seeklogo.com/images/A/Ariel-logo-B2F20EA234-seeklogo.com.png
Arwa,global,https://static1.squarespace.com/static/5864860159cc68953ac8600c/t/5f453f211583ee7c9ab872a2/1598373670070/arwa_cover_small_social.jpg?format=1500w
Aspirin,global,https://upload.wikimedia.org/wikipedia/commons/thumb/a/ad/Logo_Aspirin.svg/640px-Logo_Aspirin.svg.png
Astra,global,https://cdn11.bigcommerce.com/s-3ajejz7ey6/images/stencil/600x600/products/627/1486/Astra_Superior_Stainless_Razor_Blades__02114.1646828321.jpg?c=2
A.Team,global,https://images.spr.so/cdn-cgi/imagedelivery/j42No7y-dcokJuNgXeA0ig/32528a0b-67dc-4c3f-aa90-3084a099f8be/logo_a-teams/w=450
Atelier Cologne,global,
Aussie,global,https://theangelicdigital.files.wordpress.com/2013/01/aussie-logo.png
Authentic Beauty Concept,global,
Aveda,global,
Aviva,global,https://i0.wp.com/fourteenten.com/wp-content/uploads/2017/03/AVIVA-Client-Logo-Image.png
Awesomeness,global,
AXA,global,https://www.tabletalkmedia.co.uk/wp-content/uploads/2015/03/axa.png
Axe,global,https://logowik.com/content/uploads/images/axe3211.logowik.com.webp
Axonius,global,https://images.spr.so/cdn-cgi/imagedelivery/j42No7y-dcokJuNgXeA0ig/7f7a827b-495e-4506-aef8-aad3d2d5659e/axonius_it-risk-management-solutions_1621351412990/w=450
Azzaro Fragrances,global,
BAE Systems,global,https://rocketandcloud.co.uk/wp-content/uploads/2022/02/bae-logo-6-1-550x360.png
Baken-Ets,global,https://share.snacks.com/images/v2/webp/logos/bakenets-pdp.webp
Balance,global,https://images.spr.so/cdn-cgi/imagedelivery/j42No7y-dcokJuNgXeA0ig/b73d398a-2f4d-443a-892c-cda183b6e94d/Balance_Logo_Black/w=450
Balisto,global,https://belgicastore.com/img/m/63.jpg
Bally,global,https://1000logos.net/wp-content/uploads/2021/04/Bally-Logo-old.png
Bank of America,global,https://icons.veryicon.com/png/o/business/bank-logo-collection/bank-of-america-logo.png
Bank of Montreal,global,https://bayviewleasidebia.com/wp-content/uploads/2022/08/BMO.png
Barbican,global,https://m.media-amazon.com/images/S/stores-image-uploads-eu-prod/9/AmazonStores/A21TJRUUN4KGV/e6a4dc4396b5e27b1abc99ce5dacb555.w600.h600.png
Barbie,global,
Barclays,global,https://www.openbanking.org.uk/wp-content/uploads/2021/04/Barclays-Bank-logo.png
Bare,global,https://logovectordl.com/wp-content/uploads/2020/10/bare-snacks-logo-vector.png
Barni,global,https://mir-s3-cdn-cf.behance.net/projects/404/1c2353179843741.Y3JvcCw5NjYsNzU1LDAsNDU.png
Barq's,global,https://www.barqs.com/content/dam/nagbrands/us/barqs/en/home/barqs-script-logo.png
Bath & Body Works,global,https://i.pinimg.com/originals/b1/df/c2/b1dfc2670f0ba2913a3aaca3b12630ae.jpg
Bayer Pharmaceuticals,global,https://download.logo.wine/logo/Bayer/Bayer-Logo.wine.png
Bellator,global,
Belmond,global,https://upload.wikimedia.org/wikipedia/fr/e/eb/Logo_Belmond.png
Belvita,global,https://static.wikia.nocookie.net/logopedia/images/d/d3/BelVita_breakfast_US_logo_2023.png/revision/latest/scale-to-width-down/300?cb=20230420132655
Benefit Cosmetics,global,https://upload.wikimedia.org/wikipedia/commons/c/c7/Benefit_Cosmetics_logo.png
Ben & Jerry's,global,https://upload.wikimedia.org/wikipedia/commons/thumb/3/3c/Ben_%26_Jerry%27s.svg/1024px-Ben_%26_Jerry%27s.svg.png
Ben's Original,global,https://images0.persgroep.net/rcs/U3G132J1Nzo5xN9612JrFlr0KG0/diocontent/176568947/_fitwidth/694/?appId=21791a8992982cd8da851550a453bd7f&quality=0.8
Ben's Originals,global,https://aus.mars.com/sites/g/files/jydpyr531/files/styles/brands_grid/public/2023-07/FINAL%20Bens%20Original%20Orange_RBG_1080x1080.jpeg
Bepanthen,global,https://static.wikia.nocookie.net/logopedia/images/6/60/Bepanthen.png/revision/latest?cb=20210113192849
Berluti,global,https://upload.wikimedia.org/wikipedia/commons/thumb/4/40/Berluti_logo_%282018%29.svg/2560px-Berluti_logo_%282018%29.svg.png
BET,global,
BigPanda,global,https://images.spr.so/cdn-cgi/imagedelivery/j42No7y-dcokJuNgXeA0ig/9e6a12c9-aa3b-4e14-836b-431162780bfb/Screenshot_2023-10-30_at_13.54.10/w=450
Big Red,global,https://assets.stickpng.com/images/60157d093900fa0004e9d8b1.png
bingo,,https://images.ofix.com/description-image/bingologo.png?output=webp
BioTherm,global,https://cdn.freebiesupply.com/logos/large/2x/biotherm-logo-png-transparent.png
Bizim Mutfak,global,https://www.ajinomoto.com/cms_wp_ajnmt_global/wp-content/uploads/brands/png/img_brand_BizimMutfak.png
Blink Ops,global,https://images.spr.so/cdn-cgi/imagedelivery/j42No7y-dcokJuNgXeA0ig/7d2e58c8-5b85-4229-a772-24a8dd826ed4/Logomark_Dark_x3/w=450
BNP Paribas,global,https://www.fintechfutures.com/files/2017/04/BNP-Paribas.png
Bob,global,https://images.spr.so/cdn-cgi/imagedelivery/j42No7y-dcokJuNgXeA0ig/7788b68c-35e2-4d63-8c4b-e7a470ffe8e9/bob_logo_Trans_red/w=450
Bobbi Brown,global,https://shop.brusselsairport.be/medias/Logo-Bobbi-Brown.png?context=bWFzdGVyfHJvb3R8MTEwMTd8aW1hZ2UvcG5nfGg4MC9oYjgvOTAzNDQyNDcxMzI0Ni9Mb2dvX0JvYmJpLUJyb3duLnBuZ3wxYzY0YWE0MzU4NTJkZWUxZTVlMjk1ZGZiMDY3NWI2MzdiYTI4OTY1ZjhhZmNkNDMyZWY4MWRiNDMwZGMzN2M5
BodyArmor,global,https://upload.wikimedia.org/wikipedia/commons/a/a8/Bodyarmor_logo.png
Boeing,global,https://marvel-b1-cdn.bc0a.com/f00000000163918/www.care.org/wp-content/uploads/2021/10/Boeing.png
Bold,global,https://images.ctfassets.net/zyvr84rwvj68/6LLHcCt51Sc0m0s4SigqAE/dd76765a1e15c755772c625f9c171fe0/Bold-2in1.jpg
Bomaja,global,https://m.media-amazon.com/images/I/91XMctP5PKL.jpg
Bon Aqua,global,https://www.coca-colahellenic.com/content/dam/cch/us/images/our-24-7-portfolio/brand-image/bonaqua-logo-300x300-1.png
Bonderite,global,
Booking.com,global,https://is1-ssl.mzstatic.com/image/thumb/Purple116/v4/ee/0d/be/ee0dbe86-9a9d-d313-968e-b274af9c5ed8/AppIcon-0-0-1x_U007emarketing-0-7-0-0-85-220.jpeg/460x0w.webp
boron,,
Bounce,global,https://seeklogo.com/images/B/bounce-logo-29D225F060-seeklogo.com.png
Bounty,global,https://upload.wikimedia.org/wikipedia/en/c/c5/Bounty_logo.png
Bounty (Mars),global,https://upload.wikimedia.org/wikipedia/de/thumb/a/a0/Bounty-Logo.svg/2560px-Bounty-Logo.svg.png
Bounty Paper Towels,global,https://upload.wikimedia.org/wikipedia/en/c/c5/Bounty_logo.png
BournVita,global,
BP (British Petroleum),global,https://bp.com/content/dam/bp/business-sites/en/global/corporate/images-jpg-png/who-we-are/bp-helios-card.png
Braun,global,https://logowik.com/content/uploads/images/982_braun.jpg
brave search,,https://assets.stickpng.com/images/623af54d27d4946aceae2f81.png
Bref,global,https://www.henkel.nl/resource/image/27604/1x1/1000/1000/234beff21f76c19b05039a10944fe4d9/33DA09224A039F8D22325C47CDE657D9/bref-logo.webp
Bringg,global,https://images.spr.so/cdn-cgi/imagedelivery/j42No7y-dcokJuNgXeA0ig/73c7efd5-101c-4d33-973b-1983bdf76149/Bringg_Logo/w=450
Brisk,global,https://upload.wikimedia.org/wikipedia/commons/5/5e/Brisk_logo.png
Bubly,global,https://upload.wikimedia.org/wikipedia/commons/7/7b/Bubly_logo_2018.png
Bulgari,global,https://upload.wikimedia.org/wikipedia/commons/thumb/3/32/Bulgari_logo.svg/3000px-Bulgari_logo.svg.png
Bulgari / Bvlgari,global,https://i.pinimg.com/474x/7f/c8/da/7fc8da6228e191ea00825ce5f374e565.jpg
Bumble and bumble,global,
Burger King,global,https://upload.wikimedia.org/wikipedia/commons/thumb/8/85/Burger_King_logo_%281999%29.svg/512px-Burger_King_logo_%281999%29.svg.png
Buxton,global,https://getlogo.net/wp-content/uploads/2021/03/buxton-natural-mineral-water-logo-vector.png
Cacharel,global,
Cadbury,global,https://upload.wikimedia.org/wikipedia/commons/thumb/0/08/Cadbury.svg/1280px-Cadbury.svg.png
Calgon,global,
Calippo,global,https://static.wikia.nocookie.net/logopedia/images/a/a5/Calippo_90s.png/revision/latest/scale-to-width-down/250?cb=20100118164042
Calve,global,https://logowik.com/content/uploads/images/898_calve.jpg
Canesten,global,https://www.canesten.nl/sites/g/files/vrxlpx30581/files/canesten_logo_rgb-01_v2.png
Capital One,global,https://www.capitalone.co.uk/cloud_assets/png/capital-one-logo.png
Cap'N Crunch,global,https://mma.prnewswire.com/media/1582794/Capn_Crunch_Logo.jpg?p=twitter
Cappy,global,https://hu.coca-colahellenic.com/content/dam/cch/hu/images/our-24-7-portfolio_new/Cappy%20logo%202020%20V2.png
Caribou Coffee,global,https://seeklogo.com/images/C/caribou-coffee-logo-77816BAC85-seeklogo.com.png
CARITA,global,
Carmel Agrexco,global,https://image.pitchbook.com/bFcn5EDrs27XHGn26QD5g2BNSKX1539722675938_200x200
Carnation,global,https://www.nestle.com/sites/default/files/styles/thumbnail/public/asset-library/publishingimages/brands/dairy/carnation-logo-round.png
Carrefour,global,https://logowik.com/content/uploads/images/210_carrefour.jpg
Carte d'Or,global,https://upload.wikimedia.org/wikipedia/fr/5/58/CDO_logo.jpeg
Carte D'Or Ice Creams,global,https://s3.eu-west-2.amazonaws.com/img.creativepool.com/files/candidate/portfolio/full/857631.jpg
Cascade,global,https://images.ctfassets.net/qdzb95n13bxg/5v9V5UMfpF1yJlQG5LffKh/b7b8a751a588da917abc07019497431d/Logo.png
Caterpillar,global,https://1000logos.net/wp-content/uploads/2016/11/Colors-of-the-caterpillar-logo.jpg
Catsan,global,https://cdn.worldvectorlogo.com/logos/catsan.svg
caykur,,https://seeklogo.com/images/1/caykur-logo-4F7E835FA7-seeklogo.com.png
CBS Entertainment,global,
CBS Media Ventures,global,
CBS News,global,
CBS Sports Network,global,
CBS Studios,global,
CBS Television Stations,global,
Celebrations,global,https://upload.wikimedia.org/wikipedia/commons/thumb/a/ad/Celebrations_logo_-_red.svg/1200px-Celebrations_logo_-_red.svg.png
Celery,global,https://images.spr.so/cdn-cgi/imagedelivery/j42No7y-dcokJuNgXeA0ig/946177bd-b3f0-4813-8ae7-ad010dbcdc4e/Celery2/w=450
Celine,global,https://upload.wikimedia.org/wikipedia/commons/thumb/8/81/Celine_logo.svg/2560px-Celine_logo.svg.png
Ceralac,global,https://upload.wikimedia.org/wikipedia/commons/c/c2/Cerelac_brand_logo.png
Cerave,global,https://tukuz.com/wp-content/uploads/2020/05/cerave-logo-vector.png
Ceresit,global,
Cesar,global,https://mma.prnewswire.com/media/1771976/Cesar_v1_Logo.jpg
CEVA,global,https://upload.wikimedia.org/wikipedia/commons/thumb/c/c6/CEVA_Inc_Logo.svg/1200px-CEVA_Inc_Logo.svg.png
Cha Ling,global,https://r.lvmh-static.com/uploads/2019/06/logo-chaling-ok.png
Chanel,global,https://d1yjjnpx0p53s8.cloudfront.net/styles/logo-thumbnail/s3/102013/chanel_black.png
Channel 5,global,
Chappie,global,https://www.carharrackanimalfeeds.co.uk/pos_cms/cmsimages/132.JPG
Chargeflow,global,https://images.spr.so/cdn-cgi/imagedelivery/j42No7y-dcokJuNgXeA0ig/226dbefe-921e-4f12-9aa4-df244d0d2781/Chargeflow_SEON_logo/w=450
Charlie Banana,global,https://logowik.com/content/uploads/images/charlie-banana3266.jpg
Charmin,global,https://1000logos.net/wp-content/uploads/2020/07/Charmin-Logo.png
Chaudfontaine,global,https://www.claryssedranken.be/files/StaticPage/big/chaudfontaine.png
Chaumet,global,https://upload.wikimedia.org/wikipedia/fr/2/29/Logo-chaumet.png
Cheapflights,global,https://www.cheapflights.co.uk/news/wp-content/uploads/sites/138/2020/03/default-post-thumbnail-1640x1312.png
CheckPoint,global,https://images.spr.so/cdn-cgi/imagedelivery/j42No7y-dcokJuNgXeA0ig/3d2986f4-38b2-40af-b5d2-e44cc92a14b8/chkp/w=450
Cheer,global,https://static.wikia.nocookie.net/logopedia/images/b/b1/Cheer2011.jpg/revision/latest?cb=20191117145029
Cheerios,global,https://www.nestle.com/sites/default/files/styles/thumbnail/public/cereals-cheerios-logo.png?itok=GG2ZUDq1
Cheetos,global,https://upload.wikimedia.org/wikipedia/commons/thumb/2/24/Cheetos_logo.svg/2560px-Cheetos_logo.svg.png
Chesters,global,https://d1yjjnpx0p53s8.cloudfront.net/styles/logo-thumbnail/s3/022015/logo_chesters.png?itok=Kulzjg_b
Chips Ahoy!,global,https://upload.wikimedia.org/wikipedia/commons/0/05/Chips_ahoy_brandlogo.png
Chocapic,global,https://upload.wikimedia.org/wikipedia/en/6/66/Chocapic_brand_logo.png
Ciel,global,https://ww2.freelogovectors.net/wp-content/uploads/2022/11/ciel_logo-freelogovectors.net_.png
Cif,global,https://1000logos.net/wp-content/uploads/2021/06/CIF-Logo-1995.png
Cini Minis,global,https://static.wikia.nocookie.net/logopedia/images/6/68/Mini001_logo_minis_cini.png/revision/latest?cb=20190924160537
Claroty,global,https://images.spr.so/cdn-cgi/imagedelivery/j42No7y-dcokJuNgXeA0ig/db78fb77-af1e-4bf8-ad4a-6320d60ce47c/claroty/w=450
Clear,global,https://logowik.com/content/uploads/images/clear-hair-care-new3575.logowik.com.webp
Clearasil,global,
Clearblue,global,https://upload.wikimedia.org/wikipedia/commons/5/5d/Clearblue_logo.jpg
Clinique,global,https://www.biz.uiowa.edu/aaf/wp-content/uploads/sites/24/2023/07/clinique-logo-png-transparent.png
Clorets,global,
Cloudinary,global,https://images.spr.so/cdn-cgi/imagedelivery/j42No7y-dcokJuNgXeA0ig/b9791a4c-fb30-4502-9181-aadc6ec6ca25/Screenshot_2023-10-30_at_13.50.49/w=450
Club Social,global,
CMT,global,
Coca Cola,global,https://upload.wikimedia.org/wikipedia/commons/thumb/c/ce/Coca-Cola_logo.svg/2560px-Coca-Cola_logo.svg.png
CocoaVia,global,https://straightforward.design/wp-content/uploads/2020/10/CocoaVia_logo_square-scaled.jpg
Codium,global,https://images.spr.so/cdn-cgi/imagedelivery/j42No7y-dcokJuNgXeA0ig/95f6d751-093c-4435-8adc-6155f3df8e6e/1647345741-e6c7edc573f9601b28f02d86471a1908f552a5d1a66a499c8baec88db2273f3e-d_640/w=450
Coffee Mate,global,https://www.nestle.com/sites/default/files/styles/thumbnail/public/coffee-mate-logo-round_7.png
Colors,global,
Combos,global,https://static.wikia.nocookie.net/logopedia/images/b/b3/Combos_Logo.png/revision/latest/scale-to-width-down/250?cb=20210109042114
Comedy Central,global,
Comfort,global,https://cdn.sanity.io/images/92ui5egz/production/6e33b168323d967b829798909621117f12607e99-1080x1080.jpg?w=375&h=375&fit=crop&auto=format
Connecteam,global,https://images.spr.so/cdn-cgi/imagedelivery/j42No7y-dcokJuNgXeA0ig/5d907c44-6094-40a4-906e-3d6eb084fa79/connecteam-share/w=450
Conservative party,global,"https://images.crunchbase.com/image/upload/c_lpad,f_auto,q_auto:eco,dpr_1/ik2bctvydwmkecjghspk"
Coralogix,global,https://images.spr.so/cdn-cgi/imagedelivery/j42No7y-dcokJuNgXeA0ig/74413ad2-4ed2-45ea-8e6c-1c44be226211/coralogix/w=450
Cornetto,global,https://assets.stickpng.com/images/5a37f08cc488ac6062ac2a9d.png
Cornetto Ice Creams,global,https://cdn.sanity.io/images/92ui5egz/production/911b7828e3d316d99652c1e2792bea6e70fbf5df-1080x1080.png?w=375&h=375&fit=crop&auto=format
Costa Coffee,global,https://1000logos.net/wp-content/uploads/2020/10/Costa-Coffee-Logo.png
Cote d'Or,global,https://upload.wikimedia.org/wikipedia/fr/8/84/EXE_240118_CDO_LOGO_2018.jpg
Coty,global,https://1000logos.net/wp-content/uploads/2020/10/Coty-Logo-2016.png
Cow & Gate,global,https://robclarke.com/wp-content/uploads/2018/10/cow_4.jpg
Cracker Jack,global,https://upload.wikimedia.org/wikipedia/commons/1/16/Crackerjack_brand_logo.png
Crest,global,https://logowik.com/content/uploads/images/crest5385.logowik.com.webp
Crest Toothpaste,global,https://s3.amazonaws.com/jebbit-assets/images/AJspnLDj/business-images/dmzXkjQTyiHLkW58IBqQ_Crest_LOGO_alt_1.png
croky,,https://www.makeitfly.group/sites/default/files/styles/inline_image/public/2023-05/logo%20%282%29.png?itok=Lhxib8Op
Curver,global,https://adlai-partners.com/wp-content/uploads/curver_logo.jpg
CyberArk,global,https://images.spr.so/cdn-cgi/imagedelivery/j42No7y-dcokJuNgXeA0ig/79c2c01b-ffba-4d2a-ba1f-99e8f08b12d1/cyberark/w=450
Cybereason,global,https://images.spr.so/cdn-cgi/imagedelivery/j42No7y-dcokJuNgXeA0ig/20131864-475a-4e66-8531-a82d6d8dbdf3/cybereason/w=450
DagsHub,global,https://images.spr.so/cdn-cgi/imagedelivery/j42No7y-dcokJuNgXeA0ig/8d06a5da-c070-4f7f-bf96-cd31ab42046a/dagshub_github/w=450
Daim,global,https://delikat-essen.at/wp-content/uploads/2019/11/Logo_Daim.jpg
Dairy Milk,global,https://images.ctfassets.net/zo243s55pyir/3clKilc2KlCbFteKgQ92FW/7f719d79e655fd319171cfebcbe08b40/CDM.png?fm=webp&q=80
Damla Su,global,https://www.coca-cola.com/content/dam/onexp/tr/tr/brands/damla/es_damla_logo_180x180.png
Danette,global,https://assets-us-01.kc-usercontent.com/f5a2b33b-f1c1-0070-ebd4-26269b6538af/34bded5d-a235-4992-89fd-2418feac4035/NEW%20Danette%20Logo.png?fm=png&h=150&q=80
Danone,global,https://1000logos.net/wp-content/uploads/2020/03/Danone-Logo-2005.jpg
Dany,global,https://images.spr.so/cdn-cgi/imagedelivery/j42No7y-dcokJuNgXeA0ig/93f1c15e-2f88-43a2-a2ee-be81befea2d4/Dany_Logo_600w/w=450
Darphin,global,https://logowik.com/content/uploads/images/darphin3606.logowik.com.webp
Dasani,global,https://www.dasani.com/content/dam/nagbrands/us/dasani/en/home/Dasani_Logo.svg.png
Dasani Water,global,https://www.coca-colacompany.com/content/dam/company/us/en/brands/logos/dasani-logo.png
Dash,global,https://ecarf-siegel.org/wp-content/uploads/dash-logo.png
Dawn,global,https://assets.stickpng.com/images/600c667189799d00044aee41.png
Dealhub,global,https://images.spr.so/cdn-cgi/imagedelivery/j42No7y-dcokJuNgXeA0ig/d0b783c6-c167-4c99-b063-6f792199fc83/58eb4414445216b812579c1bb013b69a/w=450
DeepCure,global,https://images.spr.so/cdn-cgi/imagedelivery/j42No7y-dcokJuNgXeA0ig/9d35ab81-b87b-48c9-8d6f-4cf2d2d2294c/Screenshot_2023-10-30_at_13.46.14/w=450
Delilah,global,https://pbs.twimg.com/profile_images/2718900474/0e9f77f92dcce4e473c0c379188ebdda_400x400.png
Dell,global,https://upload.wikimedia.org/wikipedia/commons/thumb/1/18/Dell_logo_2016.svg/1200px-Dell_logo_2016.svg.png
Del Valle,global,https://seeklogo.com/images/D/del-valle-logo-7E8AF79BC5-seeklogo.com.png
Demoleap,global,https://images.spr.so/cdn-cgi/imagedelivery/j42No7y-dcokJuNgXeA0ig/94dd0e83-88ce-40e2-aab9-15693ec5cea7/Demoleap_Logo/w=450
Descope,global,https://images.spr.so/cdn-cgi/imagedelivery/j42No7y-dcokJuNgXeA0ig/5c252922-d9c5-41cc-8d08-1426a7153f6b/Screenshot_2023-10-31_at_8.54.31/w=450
Desert Diamond,global,https://www.islam21c.com/wp-content/uploads/desert.png
Dettol,global,
DFS,global,https://upload.wikimedia.org/wikipedia/commons/2/20/DFS_Group_logo.png
didi,,https://logodix.com/logo/40946.png
Diesel Fragrances,global,
Diesel Frangrances,global,https://d1yjjnpx0p53s8.cloudfront.net/styles/logo-thumbnail/s3/0012/4528/brand.gif
Diet Coke,global,https://upload.wikimedia.org/wikipedia/commons/thumb/3/3c/Diet_Coke_logo.svg/1200px-Diet_Coke_logo.svg.png
Di Giorno,global,https://www.goodnes.com/sites/g/files/jgfbjl321/files/gdn_brand/DiGiorno%20Logo-01.png
Dig Security,global,https://images.spr.so/cdn-cgi/imagedelivery/j42No7y-dcokJuNgXeA0ig/fb2ae7bd-7027-489a-975b-71db83712bf8/627cdd2ff3a0f536e717f411_Featured_Image/w=450
Dine,global,https://aus.mars.com/sites/g/files/jydpyr531/files/styles/brands_grid/public/2019-07/dine.png
Dior,global,https://upload.wikimedia.org/wikipedia/commons/thumb/a/a8/Dior_Logo.svg/2560px-Dior_Logo.svg.png
Dior / Christian Dior,global,https://dynl.mktgcdn.com/p/KfI5g-nDtylqhtl1RdhWzG0DMJ7sGl0lGfr3EARlPtQ/500x500.jpg
Disney,global,https://www.trustedreviews.com/wp-content/uploads/sites/54/2022/02/Disney-Plus-logo-920x518.jpg
Dixan,global,https://www.henkel.com/resource/image/32860/1x1/1000/1000/3e88a3895376b440d4a4d185d60e4115/3FC0231E36486B6AC6EB779974114FE9/dixan-logo.webp
DKNY,global,https://cdn.freebiesupply.com/logos/thumbs/2x/dkny-2-logo.png
Dogadan,global,https://www.dogadan.com.tr/Content/img/home/logo_footer_en_05.png
Dolce Gusto,global,https://upload.wikimedia.org/wikipedia/commons/2/23/Nescafe_dolcegusto_logo.png
Dolmio,global,https://static.wikia.nocookie.net/logopedia/images/5/54/Dolmio_2023.svg/revision/latest/scale-to-width-down/300?cb=20230321213643
Domestos,global,https://cdn.sanity.io/images/92ui5egz/production/9c1c07e7e468bc88ebf369dce27e46fb8134b330-1080x1080.jpg?w=375&h=375&fit=crop&auto=format
Doritos,global,https://1000logos.net/wp-content/uploads/2020/07/Doritos-Logo.png
Doublemint,global,https://upload.wikimedia.org/wikipedia/commons/thumb/9/99/Doublemint_logo.svg/2560px-Doublemint_logo.svg.png
Doublemint by Wrigley's,global,https://static.wikia.nocookie.net/logopedia/images/2/25/Doublemint_-_2010s.png/revision/latest/scale-to-width-down/800
Dove,global,https://logowik.com/content/uploads/images/dove-20041665.logowik.com.webp
Dove (Mars),global,https://cdn.discordapp.com/attachments/1171937769346584666/1173689481883291690/120.webp?ex=6564de82&is=65526982&hm=1ddb40b4543c4a0c2ae6b9862a21fee3f138c6d9a63b1267ee217c44785c2592&
Downy,global,https://1000logos.net/wp-content/uploads/2020/04/Downy-Logo.png
Draftboard,global,https://images.spr.so/cdn-cgi/imagedelivery/j42No7y-dcokJuNgXeA0ig/76f25429-f39f-43d8-b3d3-ecdb5b90995f/draftboard_cover/w=450
Dreamies,global,https://cdn.worldvectorlogo.com/logos/dreamies.svg
Dreft,global,https://static.wikia.nocookie.net/logopedia/images/0/00/2087170.png/revision/latest?cb=20210129151912&path-prefix=es
Drinkmate,"us, ca, gb, eu, au, co, pe, ae, sa, jp, sg, tw",
Dr.Jart+,global,
Droxi.ai,global,https://images.spr.so/cdn-cgi/imagedelivery/j42No7y-dcokJuNgXeA0ig/490f2bfd-767e-44ce-910f-1642fd64c1fb/droxi/w=450
Dr. Pepper,global,https://1000logos.net/wp-content/uploads/2017/10/Dr-Pepper-Logo.png
Durex,global,
duru,,https://seeklogo.com/images/D/duru-logo-9FC719ACD3-seeklogo.com.png
Duyvis,global,https://www.duyvis.nl/prod/s3fs-public/2022-03/s8.png
Ebly,global,https://levillagebyca.com/app/uploads/sites/7/2023/07/ebly-logo-1024x609.png
Eclipse,global,https://encrypted-tbn0.gstatic.com/images?q=tbn:ANd9GcRDCYxqxnftUBTYWuBpi6CUZ1w5X2stjNY3Dg&usqp=CAU
Eden Springs,global,"https://images.crunchbase.com/image/upload/c_lpad,h_256,w_256,f_auto,q_auto:eco,dpr_1/v1469615776/asjzj7thdsrcofxhgz3l.png"
Editions de parfums Frederic Malle,global,
Elbit Systems,global,https://static.stocktitan.net/company-logo/ESLT-lg.png
Elementor,global,https://images.spr.so/cdn-cgi/imagedelivery/j42No7y-dcokJuNgXeA0ig/7792bf05-36b7-481e-925a-fee633f1851e/Screenshot_2023-10-30_at_13.48.37/w=450
Eleos Health,global,https://images.spr.so/cdn-cgi/imagedelivery/j42No7y-dcokJuNgXeA0ig/5902437b-4f28-4863-ad31-916a0d371f38/eleos-logo-cmyk-OG/w=450
Elevit,global,https://tukuz.com/wp-content/uploads/2019/05/elevit-logo-vector.png
Elseve,global,https://1000logos.net/wp-content/uploads/2021/04/Elseve-logo.png
Emilio Pucci,global,https://upload.wikimedia.org/wikipedia/commons/thumb/4/44/Pucci_logo.svg/2560px-Pucci_logo.svg.png
Enjoy Life,global,https://images.ctfassets.net/zo243s55pyir/3KCDiLTzI2Hl9SoBv8ZTwo/013c8d726daa2923c6c198accee095c2/EnjoyLife.png?fm=webp&q=80
Era,global,https://static.wikia.nocookie.net/logopedia/images/c/cd/Era200x200.jpg/revision/latest?cb=20201205150122
Erikli,global,https://logowik.com/content/uploads/images/379_erikli_su.jpg
Espresso House,global,https://images.squarespace-cdn.com/content/v1/62ab2d73fb56ea653d2d8ca1/5da2adb4-ad25-4789-be03-dcf952ed58e5/Espresso+House+Compressed.jpg
Essie,global,https://upload.wikimedia.org/wikipedia/commons/5/58/Essie_logo.png
Estee Lauder,global,https://logowik.com/content/uploads/images/550_estee_lauder.jpg
Ethel M,global,https://assets.stickpng.com/images/60156f50a038420004234a82.png
eti,,https://upload.wikimedia.org/wikipedia/commons/c/c3/Eti_logo.png
eToro,global,https://is1-ssl.mzstatic.com/image/thumb/Purple126/v4/87/93/5d/87935d18-1213-3914-55fc-bf9d404e5ac9/AppIcon-0-0-1x_U007emarketing-0-0-0-10-0-0-sRGB-0-0-0-GLES2_U002c0-512MB-85-220-0-0.png/460x0w.webp
Evian,global,https://upload.wikimedia.org/wikipedia/commons/thumb/1/18/Evian_logo.svg/2560px-Evian_logo.svg.png
Evolve,global,https://m.media-amazon.com/images/I/91AujbaU8GL.jpg
Explorium,global,https://images.spr.so/cdn-cgi/imagedelivery/j42No7y-dcokJuNgXeA0ig/38ed4f71-0247-40f9-ba2c-89060446ff3c/explorium_1615379409724/w=450
Express VPN,global,"https://media.wired.co.uk/photos/606d9e95fd9831b13e447120/4:3/w_2664,h_1998,c_limit/wired-express-vpn.jpg"
Fa,global,https://www.henkel.be/resource/image/656276/1x1/1000/1000/91b5c67f851d9916797cc59fb24b9dc4/F9347DB8756FA957A4C6B5891569C238/fa-logo-be-png.webp
Fabric,global,https://images.spr.so/cdn-cgi/imagedelivery/j42No7y-dcokJuNgXeA0ig/dc20c142-5df1-4c43-9658-8aaacbbb964e/926e4aa3fe9b4905b16412df921b0f63ecc91f22/w=450
Fairlife,global,https://upload.wikimedia.org/wikipedia/en/1/1c/Fairlifelogo.png
Fairy,global,https://assets.stickpng.com/thumbs/5ecb94af3197b1000485b0b7.png
Falim,global,https://d1yjjnpx0p53s8.cloudfront.net/styles/logo-thumbnail/s3/052014/falim_logo.png?itok=rMvbhBr9
Fanta,global,https://www.waaslanddrinks.be/wp-content/uploads/2016/04/fanta-logo.png
Febreze,global,https://upload.wikimedia.org/wikipedia/commons/thumb/7/72/Febreze_Logo.svg/800px-Febreze_Logo.svg.png
Felix,global,https://www.nestle.com/sites/default/files/styles/thumbnail/public/felix-logo-square-2023.png
Fendi,global,https://cdn.freebiesupply.com/images/large/2x/fendi-logo-png-transparent.png
Fenty,global,https://assets.stickpng.com/images/620387cd8c40850004419121.png
Fenty Beauty by Rihanna,global,https://seeklogo.com/images/F/fenty-logo-C76A749839-seeklogo.com.png
Fernandes,global,https://static-images.jumbo.com/product_images/251120211347_363622BLK-1_360x360_2.png
Finaloop,global,https://images.spr.so/cdn-cgi/imagedelivery/j42No7y-dcokJuNgXeA0ig/e7750211-3d2c-43aa-84cf-f967365dacdd/6374d36ed341423dd86154d2_Frame_34194.min/w=450
Finout,global,https://images.spr.so/cdn-cgi/imagedelivery/j42No7y-dcokJuNgXeA0ig/8ef35d6b-2b66-49dc-9fe0-3d9c6126d752/finout_logo_black_text/w=450
Fintastic,global,https://images.spr.so/cdn-cgi/imagedelivery/j42No7y-dcokJuNgXeA0ig/ce5b4745-bbf2-4d8b-a4bf-d55f80eb0a8a/fintastic/w=450
Firebolt,global,https://images.spr.so/cdn-cgi/imagedelivery/j42No7y-dcokJuNgXeA0ig/ef29ea4a-0aa3-4f07-b482-ffe8a4ae494c/Firebolt_logo.svg/w=450
Firefly,global,https://images.spr.so/cdn-cgi/imagedelivery/j42No7y-dcokJuNgXeA0ig/238398dd-1cf0-48f0-aacb-3c0a92c429ec/LU_c4dVq_400x400/w=450
firefox,,https://upload.wikimedia.org/wikipedia/commons/1/16/Firefox_logo%2C_2017.png
Fisher-Price,global,
Fitbit,global,
Fiverr,global,https://mms.businesswire.com/media/20230510006090/en/827135/22/Fiverr_September_2020_Logo.jpg
Fixodent,global,https://cdn.freebiesupply.com/logos/large/2x/fixodent-logo-png-transparent.png
Flash,global,https://www.cleaningsuppliesuk.co.uk/media/solwin/ourbrand/brand/image/f/l/flash_logo.jpg
Fleuril,global,https://www.henkel.nl/resource/image/654722/1x1/1000/1000/7cff0cc8682d6301fc441957925469bc/7EC10E81BD8E769EE06E9F0AC73C877C/fleuril-logo-png.webp
foodspring,global,https://images.unidays.world/i/customers/mobile/active/ff121ca7-0fe9-4c61-a43d-3d096faef568
Forter,global,https://images.spr.so/cdn-cgi/imagedelivery/j42No7y-dcokJuNgXeA0ig/b8428789-f815-447a-be73-692d9ce25c1a/Forter_Logo_-_New_Blue/w=450
Fred,global,https://r.lvmh-static.com/uploads/2014/10/fred_logo.png
Freia,global,https://dagligvarehandelen.no/sites/default/files/2014-09/1hava5sn2f690brb61117osjmjjldtch_0.jpg
Fresca,global,"https://ih1.redbubble.net/image.1600955278.3658/st,small,507x507-pad,600x600,f8f8f8.jpg"
Fresh,global,https://www.sephora.fr/on/demandware.static/-/Library-Sites-SephoraV2/default/dw6cdf784b/brands/Logos/FRESH_300_150_logo.jpg
Fritos,global,https://upload.wikimedia.org/wikipedia/en/1/11/Fritos_logo.png
Frontegg,global,https://images.spr.so/cdn-cgi/imagedelivery/j42No7y-dcokJuNgXeA0ig/8cd3716a-af79-4d55-a553-257fef68e81d/download-1/w=450
Fundbox,global,https://images.spr.so/cdn-cgi/imagedelivery/j42No7y-dcokJuNgXeA0ig/8811d7a1-557b-46d9-8142-713d0fbbec55/Fundbox/w=450
FundGuard,global,https://images.spr.so/cdn-cgi/imagedelivery/j42No7y-dcokJuNgXeA0ig/68d9df61-f97e-46da-b845-5bffd7e6eef2/FundGuard_LOGO_FINAL_blue/w=450
Funyuns,global,https://upload.wikimedia.org/wikipedia/commons/5/5b/Funyuns_brand_logo.png
Fuze Tea,global,https://www.coca-cola.com/content/dam/onexp/be/nl/brands/fuze-tea/BE_fuzetea_logo_360x360_v1-01-svg.png
G4S,global,https://www.infologue.com/wp-content/uploads/2021/08/G4S-Logo.png
Gain,global,https://images.ctfassets.net/oggad6svuzkv/2pavVZYAc8w04WcKq0KciY/fb096cda1c4996b79f2044d15be1861c/Gain.jpg
Galaxy,global,https://www.galaxychocolate.co.uk/sites/g/files/fnmzdf211/files/galaxy.svg
Game Fuel,global,https://static.wikia.nocookie.net/logopedia/images/1/1d/Logo-gf.svg/revision/latest/scale-to-width-down/300?cb=20201218035955
Gamesa,global,https://seeklogo.com/images/G/gamesa__2008_-logo-38BF5A403B-seeklogo.com.png
Garden Gourmet,global,https://www.colruytgroupacademy.be/wp-content/uploads/2021/06/PMS_Logo_GardenGourmet_2019_final_0-e1683885841582.png
Garnier,global,https://1000logos.net/wp-content/uploads/2022/04/Garnier-Logo-2013.png
Gatorade,global,https://upload.wikimedia.org/wikipedia/commons/thumb/1/13/-gatorade.png/640px--gatorade.png
Gelt,global,https://images.spr.so/cdn-cgi/imagedelivery/j42No7y-dcokJuNgXeA0ig/3b09c449-45b2-4a3c-89a7-318559b67730/Screenshot_2023-10-30_at_10.00.42/w=450
Gerber,global,https://1000logos.net/wp-content/uploads/2020/07/Gerber-Logo.png
Gillette,global,https://1000logos.net/wp-content/uploads/2021/04/Gillette-logo.png
Gini,global,https://www.babylondrinks.be/wp-content/uploads/2021/01/Gini-24x33cl.png
Giorgio Armani,global,
Giorgio Armani Beauty,global,https://encrypted-tbn0.gstatic.com/images?q=tbn:ANd9GcTihVZ6h9Are1xzGGeBlltY1uVSlkblolMzowx4AV7hEXFYMawBy7krb_Ut0Tm7w8RfgNw&usqp=CAU
Givenchy,global,https://seeklogo.com/images/G/givenchy-logo-B1FAD9A0DF-seeklogo.com.png
Glaceau Smartwater,global,https://www.coca-colacompany.com/content/dam/company/us/en/brands/logos/smartwater-logo.png
Glamglow,global,https://media.elcompanies.com/images/e/estee-lauder-companies/universal/our-brands/glamglow/brandintrologo-glamglow.png?h=257&iar=0&w=1486
Global-e,global,https://images.spr.so/cdn-cgi/imagedelivery/j42No7y-dcokJuNgXeA0ig/0897a85e-6485-405f-9922-d3ae8267fc80/global-e/w=450
Gloww,global,https://images.spr.so/cdn-cgi/imagedelivery/j42No7y-dcokJuNgXeA0ig/3bdbc2ff-a349-4f15-9799-a07aacec1e93/Logo_dark/w=450
Gold Peak Tea,global,https://upload.wikimedia.org/wikipedia/commons/1/12/GoldPeak_logo.jpg
golf,,https://seeklogo.com/images/G/golf-dondurma-logo-141599D9D3-seeklogo.com.png
Gong,global,https://images.spr.so/cdn-cgi/imagedelivery/j42No7y-dcokJuNgXeA0ig/8d52d9e8-4d41-4459-8842-275263982c44/gong6465/w=450
Google,global,https://download.logo.wine/logo/Google/Google-Logo.wine.png
Google Chrome,global,https://upload.wikimedia.org/wikipedia/commons/thumb/e/e1/Google_Chrome_icon_%28February_2022%29.svg/2048px-Google_Chrome_icon_%28February_2022%29.svg.png
Grandma's,global,https://share.snacks.com/images/v2/webp/logos/grandmas-pdp.webp
Graphiti,global,https://pbs.twimg.com/profile_images/1671169862348197890/_FJNuxP3_400x400.png
Grenade,global,
Groove,global,https://images.spr.so/cdn-cgi/imagedelivery/j42No7y-dcokJuNgXeA0ig/3cbdb586-d862-470d-9284-6a6ee51b0125/groove/w=450
GrowthSpace,global,https://images.spr.so/cdn-cgi/imagedelivery/j42No7y-dcokJuNgXeA0ig/a29cd83a-25ea-435a-8032-1072cbabe2af/5dd72c8f620538a65d2e4aed52ef27511918b8f4/w=450
Guerlain,global,https://1000logos.net/wp-content/uploads/2022/07/Guerlain-logo.png
Habana Labs,global,https://pbs.twimg.com/profile_images/1524075842011160577/IV5fb8KR_400x400.jpg
Hadiklaim,global,"https://images.crunchbase.com/image/upload/c_lpad,f_auto,q_auto:eco,dpr_1/0beaf8640b1918f29ba3"
halalbooking,,https://cdn.halalstatic.com/assets/front/shared/logo/international_opengraph-0ba8be03a1001bc4a7aef97b1be0f990de58b92233e787a1d71a66d0765b7aa8.png
Halls,global,
hamidiye su,,https://seeklogo.com/images/H/hamidiye-logo-66D9D05F2E-seeklogo.com.png
Harpic,global,
Hayat Su,global,https://www.uxajans.com/oge/dosyalar/musterilogosu/4576546.jpg
Head and Shoulders,global,https://logowik.com/content/uploads/images/head-shoulders7079.jpg
Head & Schoulders,global,https://logowik.com/content/uploads/images/head-shoulders7079.jpg
Health Warrior,global,https://www.healthwarrior.com/cdn/shop/files/logo-healthwarrior.png?v=1634579847
Healthy.io,global,https://images.spr.so/cdn-cgi/imagedelivery/j42No7y-dcokJuNgXeA0ig/8a6196b2-847a-46a9-95f3-cf38e335c2fb/sfwb8egozmz0ae5jo8di/w=450
Helena Rubinstein,global,
Hellmann's,global,https://1000logos.net/wp-content/uploads/2020/07/Hellmanns-Logo.png
Hellman's,global,https://cdn.sanity.io/images/92ui5egz/production/8fe76fd805ab71155fd402e9a90e584e36231910-1080x1080.png?w=375&h=375&fit=crop&auto=format
Herbal Essences,global,https://1000logos.net/wp-content/uploads/2020/04/Herbal-Essences-logo.jpg
Hilo Life,global,https://images.nosh.com/logos/253616287.hilolife.logo-01..1..png
Honeybook,global,https://images.spr.so/cdn-cgi/imagedelivery/j42No7y-dcokJuNgXeA0ig/bea0ffa4-9343-4b2b-9bfe-2e4dc1896fd8/honeybook/w=450
Honey Maid,global,
Hotel Chocolat,global,https://aus.mars.com/sites/g/files/jydpyr531/files/styles/brands_grid/public/2019-07/twix%20%282%29.png?itok=euLB-mXk
Hot Wheels,global,
HP,global,https://brandcentral.hp.com/content/dam/sites/brand-central/elem-logo/images/Logo_1_do.jpeg
HSBC,global,https://www.hsbc.co.uk/etc.clientlibs/dpws/clientlibs-public/clientlib-site/resources/social/logo/Square-1200x1200px.jpg
Hu,global,
Hubba Bubba,global,https://www.gran-turismo.com/gtsport/decal/7215342760630452752_1.png
Hublot,global,https://upload.wikimedia.org/wikipedia/commons/thumb/a/ab/Hublot_logo.png/640px-Hublot_logo.png
huda beauty,,https://financo.com/wp-content/uploads/2020/07/hudabeauty.png
Hyundai,global,https://pbs.twimg.com/profile_images/821433960639008768/_M06NaeP_400x400.jpg
IAMS,global,https://aus.mars.com/sites/g/files/jydpyr531/files/styles/brands_grid/public/2019-07/iams.png
Immunai,global,https://images.spr.so/cdn-cgi/imagedelivery/j42No7y-dcokJuNgXeA0ig/80c4e0ee-019f-4202-91cb-d9d260dcfa56/immunai-logo-full2x-100/w=450
Imperva,global,https://images.spr.so/cdn-cgi/imagedelivery/j42No7y-dcokJuNgXeA0ig/ab1056a1-a2e9-47fb-b106-f46414857c59/imperva/w=450
Indeitq,global,https://images.spr.so/cdn-cgi/imagedelivery/j42No7y-dcokJuNgXeA0ig/e77b92ff-69e0-480c-8204-434c36c7d68d/idenitq/w=450
Indigo Books,global,https://scarboroughtowncentre.com/wp-content/uploads/2021/11/9b0e5b28fdeb73b86ea47ceca4e1ac79c75c51a5.png
innocent,global,https://www.logodesignlove.com/images/logos/innocent-halo.jpg
Innocent Smoothies,global,https://www.coca-colacompany.com/content/dam/company/us/en/brands/logos/innocent-logo.png
Intail.ai,global,https://images.spr.so/cdn-cgi/imagedelivery/j42No7y-dcokJuNgXeA0ig/153a5da3-08f4-4f78-9ce7-66f84ad3538d/intail.ai_Logo/w=450
Intel,global,https://logos-world.net/wp-content/uploads/2021/09/Intel-Logo.png
Ipana,global,https://files.sikayetvar.com/lg/cmp/51/51867.png?1522650125
IT Cosmetics,global,
Ivory,global,https://upload.wikimedia.org/wikipedia/commons/a/a2/Ivory_soap_logo_badge.png
Jack Daniel's,global,https://upload.wikimedia.org/wikipedia/en/thumb/a/a8/Jack_Daniels_Logo.svg/1200px-Jack_Daniels_Logo.svg.png
Jack Link's,global,https://upload.wikimedia.org/wikipedia/en/4/49/Jack_links_logo.png
Jaguar,global,https://1000logos.net/wp-content/uploads/2019/12/Jaguar-Logo.png
JFrog,global,https://images.spr.so/cdn-cgi/imagedelivery/j42No7y-dcokJuNgXeA0ig/83e7624c-4f40-4476-a992-193d1691a05e/jfrog/w=450
Jifiti,global,https://images.spr.so/cdn-cgi/imagedelivery/j42No7y-dcokJuNgXeA0ig/1306569d-4a60-4718-9852-af77972ef584/Jifiti_Logo_Blue/w=450
Jo Malone,global,https://logo-logos.com/2016/10/Jo_Malone_logo.png
joy+glee,global,https://static.wikia.nocookie.net/logopedia/images/7/7f/Joy_glee_vertical_logo_lockup_black.png/revision/latest?cb=20201205144329
Juicy Fruit,global,https://upload.wikimedia.org/wikipedia/commons/thumb/7/7d/Juicy_Fruit.svg/2560px-Juicy_Fruit.svg.png
Kadinlar Bilir,global,https://prd-cdn-emea1-joltx.pgsitecore.com/-/jssmedia/growing-families-version1/gf-tr/brand/logoeverydayme_tr.ashx?h=76&w=200&rev=-1&hash=85DA16A16C16EC660F75CBFE51DBB104
Kaltura,global,https://images.spr.so/cdn-cgi/imagedelivery/j42No7y-dcokJuNgXeA0ig/b8eecf1c-dd6e-4647-ba25-cb29b24eff75/code_block_Zohar_Babin/w=450
Kan Tong,global,https://www.aozhouclick.com/png/mars%20brand%20logos%20web%20food%20kan%20tong%20largefd14.png?itok=o2YgbAjR
Kayak,global,https://www.kayak.co.uk/rimg/dimg/dynamic/376-1663588218-2020-2021_kayak_logo_k_square_kayak_77832.png
Kemal Kukrer,global,https://www.ajinomoto.com/cms_wp_ajnmt_global/wp-content/uploads/brands/png/img_brand_KemalKukrer.png
Kenzo,global,https://nodealclothing.com/image/nodealclothing/image/data/IMG_7523.png
Kerastase,global,https://static.couponfollow.com/kerastase-ca/logo.png
Keter,global,"https://images.crunchbase.com/image/upload/c_lpad,h_256,w_256,f_auto,q_auto:eco,dpr_1/v1469080356/d4wxa85xv4gueo1nwled.png"
Kevin's Natural Foods,global,https://cdn.shopify.com/s/files/1/0250/9091/6405/files/knf_logo_large_for-hero.gif?v=1698351325
Kevita,global,https://wanderlust.com/wp-content/uploads/2019/08/Kevita-black-1.jpg
KFC,global,https://logowik.com/content/uploads/images/kfc2930.jpg
K Health,global,https://images.spr.so/cdn-cgi/imagedelivery/j42No7y-dcokJuNgXeA0ig/ba8bc79c-909b-47e7-b15e-69cf65a0d86a/k-health-dark-blue/w=450
Kiehl's,global,
Kilian,global,
Kind,global,https://upload.wikimedia.org/wikipedia/commons/7/77/Logo_for_KIND_Bars_Healthy_Snacks.jpg
King Solomon,global,https://m.media-amazon.com/images/S/abs-image-upload-na/c/AmazonStores/ATVPDKIKX0DER/d56dbd6248ccc3b710a1eb02e2214c79.w428.h420.jpg
Kinh Do,global,
KitKat,global,https://www.nestle.com/sites/default/files/styles/thumbnail/public/kitkat-logo-square-2023.png?itok=tQOCNFse
kizilay,,https://www.kizilayicecek.com.tr/media/5q4por04/kizilay_i%C3%A7ecek_logo.png
Knorr,global,https://logowik.com/content/uploads/images/knorr-new1436.jpg
Komodor,global,https://images.spr.so/cdn-cgi/imagedelivery/j42No7y-dcokJuNgXeA0ig/bf58f4b1-10eb-4214-b51c-a93647cfe646/komodor_4/w=450
Krispy Kreme,global,https://1000logos.net/wp-content/uploads/2018/02/Krispy-Kreme-Logo.png
KVD Beauty,global,https://mma.prnewswire.com/media/1451766/KVD_Beauty_Logo.jpg?p=twitter
Kylie Cosmetics,global,https://miro.medium.com/v2/resize:fit:1000/1*gSiQUzv3VJq8DVtMiwX93Q.jpeg
Labour party,global,"https://ih1.redbubble.net/image.977949166.6470/flat,750x,075,f-pad,750x1000,f8f8f8.jpg"
Lab Series,global,
Lacta,global,
La Grande Epicerie De Paris,global,https://r.lvmh-static.com/uploads/2014/10/lge_logo.png
La Mer,global,https://cdn.freebiesupply.com/logos/large/2x/la-mer-logo-png-transparent.png
Lancome,global,
Land Rover (Range Rover),global,https://i.pinimg.com/736x/27/2f/cd/272fcd3d1ac73529e35c8d9d420005fc.jpg
La Roche Posay,global,https://1000logos.net/wp-content/uploads/2020/09/La-Roche-Posay-Logo.png
Lavazza,global,https://logowik.com/content/uploads/images/lavazza9192.logowik.com.webp
Lay's,global,https://upload.wikimedia.org/wikipedia/commons/thumb/6/67/Lay%27s_logo_2019.svg/1200px-Lay%27s_logo_2019.svg.png
Le Bon Marche Rive Gauche,global,https://r.lvmh-static.com/uploads/2014/10/lbm_logo1.png
Le chat,global,
Legal & General,global,https://www.ssauk.com/static/1a44dd2e-2998-4ac6-b3e6862e16399b85/supplierdirectorydetaillogo_c3bb2391eae9a41b60845257246fad14/Legal-General.png
Le Labo,global,
Lemon-Dou,global,https://www.cokebeverages.ph/img/cms/Brands/brand_lemon-dou.png
Lenor,global,https://1000logos.net/wp-content/uploads/2020/04/Lenor-Logo.jpg
Le Parisien,global,https://upload.wikimedia.org/wikipedia/commons/5/5b/Le_Parisien_-_logo_2016.png
Les Echos,global,https://upload.wikimedia.org/wikipedia/fr/thumb/b/bb/Les_echos_%28logo%29.svg/1280px-Les_echos_%28logo%29.svg.png
Lidl,global,https://download.logo.wine/logo/Lidl/Lidl-Logo.wine.png
Lifebuoy,global,https://logowik.com/content/uploads/images/lifebuoy2222.jpg
Life savers,global,https://upload.wikimedia.org/wikipedia/commons/thumb/e/eb/Life_savers_brand_logo.svg/2560px-Life_savers_brand_logo.svg.png
LIFEWTR,global,https://www.lifewtr.com/ResourcePackages/Lifewtr/assets/static/logo.svg
Lightricks,global,https://images.spr.so/cdn-cgi/imagedelivery/j42No7y-dcokJuNgXeA0ig/f6ce1683-85fe-4d0f-b9aa-ad7cb8815f0a/lightricks/w=450
Lion,global,https://pepperyspot.com/wp-content/uploads/2018/04/lion-logo.png
Lipton,global,https://1000logos.net/wp-content/uploads/2017/12/Lipton-logo.jpg
Lipton Iced Tea,global,https://upload.wikimedia.org/wikipedia/en/f/fc/LIPTON_PRIMARY_RGB_BMT.png
Lloyds Bank,global,https://www.lloydsbankinggroup.com/assets/images/site-wide/logos/png/lloyds-bank-300.png
Lockheed Martin,global,https://pbs.twimg.com/profile_images/1635287976044548108/tNkqLQPN_400x400.png
Loctite,global,https://www.henkel.be/resource/image/22588/1x1/1000/1000/36a0a800ff0a8d70961a0e927eb58837/FC64D42630AB8CBFF380E101537EA8BB/loctite-logo.webp
Loewe,global,https://seeklogo.com/images/L/loewe-logo-D5B7D900FC-seeklogo.com.png
Logz.io,global,https://images.spr.so/cdn-cgi/imagedelivery/j42No7y-dcokJuNgXeA0ig/f8fb9141-0cc8-4090-98a4-925f57d45d45/logz/w=450
Looza,global,https://www.looza.be/prod/s3fs-public/2023-03/image-2002.jpg
Loreal / L'oreal,global,https://d1yjjnpx0p53s8.cloudfront.net/styles/logo-thumbnail/s3/0000/2125/brand.gif
Loro Piana,global,https://www.staronevsky.com/public/uploads/brands/project/logo/eng/8/logo_lp.png
Louis Vuitton,global,https://media.designrush.com/inspiration_images/136124/conversions/_1519762849_545_990__1513771354_519_louis-v1_b31600c58738-mobile.jpg
Lu,global,https://lafabriqueb612.fr/wp-content/uploads/2017/04/logo_LU_02.png
lush,,https://upload.wikimedia.org/wikipedia/commons/6/61/Lush_Logo.png
Lusha,global,https://images.spr.so/cdn-cgi/imagedelivery/j42No7y-dcokJuNgXeA0ig/5e2ca65d-faf2-4029-b403-581ec420da9a/Lusha_logo.svg/w=450
Luvs,global,https://assets.stickpng.com/images/600f2a44fcd2b500043083f6.png
Lux,global,https://cdn.sanity.io/images/92ui5egz/production/2f8428952599e230782f70a2ca0bfc3e5fa2b270-1080x1080.png?w=600&h=600&fit=crop&auto=format
LVMH,global,https://r.lvmh-static.com/uploads/2010/01/lvmh_logotype_simple_n-1.jpg
Lynx,global,https://1000logos.net/wp-content/uploads/2021/06/Lynx-Logo.png
Lysol,global,
MAC,global,https://1000logos.net/wp-content/uploads/2019/06/MAC-Logo.png
MAC Cosmetics,global,https://d1yjjnpx0p53s8.cloudfront.net/styles/logo-thumbnail/s3/122019/logo-mac_prancheta_1.png?NPZfS4QSWg_6ySGSJKInsSXz2CFRKvhS&itok=2_JpKro7
Magen David Adom,global,https://honestreporting.com/wp-content/uploads/2021/01/Magen-David-Adom-logo.png
Maggi,global,https://upload.wikimedia.org/wikipedia/commons/thumb/8/83/Maggi_logo.svg/2560px-Maggi_logo.svg.png
Magnum,global,https://mma.prnewswire.com/media/827274/MAGNUM_Ice_Cream_Logo.jpg?p=facebook
Magnum Ice Creams,global,https://cdn.sanity.io/images/92ui5egz/production/26b76dc0a16aa60339c059b31babcb45a6d1409a-1080x1080.jpg?w=375&h=375&fit=crop&auto=format
Maille,global,https://logowik.com/content/uploads/images/maille-food2950.logowik.com.webp
Maison Francis KurkDjian,global,https://bluebellgroup.com/wp-content/uploads/2018/01/Logo_MaisonFrancisKurkdjian_3lignes-FondTransparent-1024x409.png
Maison Margiela Fragrances,global,
Make Up For Ever,global,https://www.makeupforever.com/on/demandware.static/Sites-MakeUpForEver-US-Site/-/default/dw21401164/fontsicons/images/logo-iframe.png
Malteasers,global,https://aus.mars.com/sites/g/files/jydpyr531/files/styles/brands_grid/public/2019-02/maltesers-confectionery.png?itok=hz2XO4mW
Maltesers,global,https://assets.stickpng.com/images/60157b0b3900fa0004e9d8a9.png
Manzanita Sol,global,https://i1.sndcdn.com/artworks-00UpqZc8kGCxV9Vt-RtmiqA-t500x500.jpg
Mapme,global,https://images.spr.so/cdn-cgi/imagedelivery/j42No7y-dcokJuNgXeA0ig/cdec2195-e2a2-4ed1-8faf-7afa0322299f/download/w=450
Marabou,global,
Marc Jacobs,global,https://upload.wikimedia.org/wikipedia/commons/thumb/4/49/Marc_Jacobs_logo.svg/2560px-Marc_Jacobs_logo.svg.png
Marks and Spencer / M&S,global,https://corporate.marksandspencer.com/sites/marksandspencer/files/styles/desktop/public/marksandspencer/logos/m-s-logo.png
Marmite,global,https://cdn.sanity.io/images/92ui5egz/production/75d6fcedd6a92ead68906c3f06cab14bc8a27470-280x280.png?w=600&h=600&fit=crop&auto=format
Mars,global,https://logowik.com/content/uploads/images/mars9551.logowik.com.webp
MasterFoods,global,https://wasteinitiatives.com.au/wp-content/uploads/2021/09/masterfoods-logo.png
Maui Style,global,https://static.wikia.nocookie.net/fritolay/images/4/4c/Maui_Style_Logo.png/revision/latest?cb=20150924153355&path-prefix=es
Maybeline,global,https://upload.wikimedia.org/wikipedia/commons/thumb/a/a3/Maybelline-Logo.svg/1280px-Maybelline-Logo.svg.png
Maybelline,global,https://d1yjjnpx0p53s8.cloudfront.net/styles/logo-thumbnail/s3/0003/5632/brand.gif
Maynards Bassetts,global,
MBDA,global,https://pbs.twimg.com/profile_images/1572161199751454721/P5ubky0o_400x400.jpg
McDonalds,global,https://1000logos.net/wp-content/uploads/2017/03/McDonalds-logo-500x281.png
Melio,global,https://images.spr.so/cdn-cgi/imagedelivery/j42No7y-dcokJuNgXeA0ig/e4cdf975-7ec2-4876-8363-b149c8c2bc0c/Melio_logo.svg/w=450
Mellanox,global,https://www.etp4hpc.eu/img/image/fotos/mellanox-logo-square.jpg?&q=50
Mercedes Benz,global,https://www.graduatesfirst.com/wp-content/uploads/2023/07/mercedes-benz-logo-7500641.png
Mesh Payments,global,https://images.spr.so/cdn-cgi/imagedelivery/j42No7y-dcokJuNgXeA0ig/f87f8307-4c5d-4f99-9ebe-c57afb52e787/Mesh-Payments-768x427/w=450
Meta Mucil,global,https://static.wikia.nocookie.net/logopedia/images/3/3a/Metamucil-2018.png/revision/latest/scale-to-width-down/250?cb=20221031000613
meysu,,https://seeklogo.com/images/M/meysu-logo-96F1807DD1-seeklogo.com.png
Michael Kors,global,https://seeklogo.com/images/M/michael-kors-logo-2D0B890759-seeklogo.com.png
Microban,global,https://images.ctfassets.net/su3f4fxan0r6/6dej9HKh8udBRNGOhPwDVA/9bd44b80ad6d4408466cc4b2efcf7463/Microban_US_EN_Microban24-Protection-That-Lives-On.png
Microsoft,global,https://upload.wikimedia.org/wikipedia/commons/thumb/4/44/Microsoft_logo.svg/512px-Microsoft_logo.svg.png
Mikado,global,https://stock.wikimini.org/w/images/7/75/Logo_mikado.png
Milka,global,https://1000logos.net/wp-content/uploads/2022/10/Milka-logo.png
Milkybar,global,https://www.nestle.com/sites/default/files/styles/thumbnail/public/asset-library/publishingimages/brands/chocolate-confectionery/milkybar-logo-round.png?itok=T2JexHQM
Milkyway,global,https://1000logos.net/wp-content/uploads/2022/10/Milky-Way-logo.png
Milo,global,https://live.staticflickr.com/2878/9782396475_c0072df08d_b.jpg
Minute Maid,global,https://upload.wikimedia.org/wikipedia/commons/thumb/b/bb/Minute_Maid_Logo.svg/1280px-Minute_Maid_Logo.svg.png
Miracoli,global,https://www.miracoli.be/sites/g/files/fnmzdf4381/files/logo.png
Mirinda,global,https://1000logos.net/wp-content/uploads/2021/03/Mirinda-Logo.jpg
Miss Vickies,global,https://upload.wikimedia.org/wikipedia/fr/3/34/Miss_Vickie%27s_logo.webp
Mixtiles,global,https://images.spr.so/cdn-cgi/imagedelivery/j42No7y-dcokJuNgXeA0ig/62032d7f-5d52-491a-863d-d215b0eecbaf/Screenshot_2023-10-30_at_13.57.13/w=450
M&M's,global,https://1000logos.net/wp-content/uploads/2022/10/MMs-logo.png
Monday.com,global,https://images.spr.so/cdn-cgi/imagedelivery/j42No7y-dcokJuNgXeA0ig/28c36ad2-d3c8-48be-b5eb-89b4fd0c6c32/monday-ar21/w=450
Mondelez,global,https://s3-symbol-logo.tradingview.com/mondelez--600.png
Monster Energy,global,https://static.vecteezy.com/system/resources/previews/027/076/245/original/monster-energy-logo-transparent-free-png.png
Monto,global,https://images.spr.so/cdn-cgi/imagedelivery/j42No7y-dcokJuNgXeA0ig/bd6581d6-6f08-42d3-8cdf-97872beb4bd1/Monto4/w=450
Moovit,global,https://encrypted-tbn0.gstatic.com/images?q=tbn:ANd9GcTtmGGog03Rp28l-WS8xL5iCUJakSfX14s_qdxOuOkJ&s
MoroccanOil,global,https://cdn.supadupa.me/shop/13/images/1908639/morrocan-oil-logo-gravity-_grande.png
Motorola,global,https://cdn.lovesavingsgroup.com/logos/motorola.jpg
Mountain Dew,global,https://upload.wikimedia.org/wikipedia/commons/thumb/b/b3/Mountain_Dew_logo.svg/2560px-Mountain_Dew_logo.svg.png
Movenpick,global,https://www.nestle.com/sites/default/files/styles/thumbnail/public/movenpick-logo-round-2021.png
Moynat,global,https://r.lvmh-static.com/uploads/2016/10/logo-moynat.png
Mr.Clean,global,https://s25.q4cdn.com/264117071/files/doc_multimedia/2012/11/Logo-mr-clean.jpg
MTV,global,
Mugler,global,
Mugler Beauty,global,https://notwanepharmacy.store/wp-content/uploads/2020/08/mugler-logo.png
Munchies,global,https://images-platform.99static.com/SfR_kV_2porJTcZLeZ6E8CVELmM=/500x500/top/smart/99designs-contests-attachments/60/60224/attachment_60224532
Munchos,global,https://upload.wikimedia.org/wikipedia/commons/c/c6/Munchos_brand_logo.png
Muscle Milk,global,https://sportsrd.org/wp-content/uploads/2015/01/muscle-milk-logo.jpg
My Black Is Beautiful,global,https://mma.prnewswire.com/media/898010/MBIB_PLATFORM_GOLD_BLK.jpg?p=facebook
myInterview,global,https://marketing-assets.pinpointhq.com/wp-content/uploads/2020/03/pinpoint-myinterview-integration-dd97735c32858890370432e28b2a9ebc.png
myQuest,global,https://images.spr.so/cdn-cgi/imagedelivery/j42No7y-dcokJuNgXeA0ig/910fe0df-07fc-400b-8657-2452b1c53089/facebokAd/w=450
Naked Juice,global,https://d1yjjnpx0p53s8.cloudfront.net/styles/logo-thumbnail/s3/0018/1433/brand.gif
Native,global,https://static.wikia.nocookie.net/logopedia/images/0/00/Native_logo.jpg/revision/latest?cb=20201205150506
NatuChips,global,https://share.snacks.com/images/v2/webp/logos/natuChips-pdp.webp
Nature's Bakery,global,https://mma.prnewswire.com/media/831546/Natures_Bakery_Logo.jpg?p=facebook
NaturNes,global,https://assets.stickpng.com/images/601d81a5abab6a0004c7f020.png
Navina,global,https://images.spr.so/cdn-cgi/imagedelivery/j42No7y-dcokJuNgXeA0ig/786c954f-981b-4889-aa1d-a214a9f4d5b0/logo/w=450
Near East,global,https://middlebury.coop/wp-content/uploads/2022/03/FP598_NearEast_Logo_trans_@2x.png
Nescafe,global,https://logowik.com/content/uploads/images/nescafe-new2904.jpg
Nespresso,global,https://image.isu.pub/191018120732-fef611e3af77778e68c74edd3ed7d146/jpg/page_1.jpg
Nesquick,global,https://seeklogo.com/images/N/nesquik-logo-05F3963D77-seeklogo.com.png
Nesquik,global,https://www.nestle.com/sites/default/files/styles/thumbnail/public/nesquik-logo-round-2021.png
Nestea,global,https://1000logos.net/wp-content/uploads/2021/05/Nestea-logo.png
Nestle,global,https://pbs.twimg.com/profile_images/1232679317634678785/68qsL0TI_400x400.jpg
Network 10,global,
Nexite,global,https://images.spr.so/cdn-cgi/imagedelivery/j42No7y-dcokJuNgXeA0ig/1c9e49a0-d1ad-4271-b654-8202fd63e6f0/download-1/w=450
Next,global,https://www.nextplc.co.uk/~/media/Images/N/Next-PLC-V2/content-images/image-gallery/logos/next-white-v2-logo.jpg?w=767
Nice Systems,global,https://images.spr.so/cdn-cgi/imagedelivery/j42No7y-dcokJuNgXeA0ig/2a6f5f19-6704-4d01-8ce2-0d21180bb879/Nice_Logo_2.svg/w=450
Nickelodeon,global,
Nido,global,https://seeklogo.com/images/N/nido-nestle-logo-852564E012-seeklogo.com.png
Niely,global,https://seeklogo.com/images/N/niely-logo-FBDAB5A16E-seeklogo.com.png
Ninjamas,global,https://images.ctfassets.net/kpjl376cy4l0/5sNmHDOrOQCuYxNfAppqdd/1e4e436c499b6f79deff750940d41115/Ninjamas-NA_EN_Logo_Ninjamas-Logo_resized.png
Niod,global,
Noble,global,https://images.spr.so/cdn-cgi/imagedelivery/j42No7y-dcokJuNgXeA0ig/781e8bc9-99ac-4306-9696-cc4c5bad7388/noble_logo_png/w=450
Nom Nom,global,https://i.insider.com/5eac228d42278d707a3073d3
Noname Security,global,https://images.spr.so/cdn-cgi/imagedelivery/j42No7y-dcokJuNgXeA0ig/624e9cf5-778b-4f14-b67d-63e7c83fc28c/Noname-Security/w=450
Noon.com,global,https://www.channelengine.com/hubfs/Imported_Blog_Media/noon-website.jpg
Nurofen,global,
Nut Harvest,global,https://m.media-amazon.com/images/S/abs-image-upload-na/c/AmazonStores/ATVPDKIKX0DER/fe84118534335b583125cd45ad2b3ed4.w1500.h1500.jpg
Nutro,global,https://mma.prnewswire.com/media/483051/NUTRO_FEED_CLEAN_2017_Logo.jpg
Nvidia,global,https://www.nvidia.com/content/dam/en-zz/Solutions/about-nvidia/logo-and-brand/01-nvidia-logo-vert-500x200-2c50-l@2x.png
Nyx,global,https://seeklogo.com/images/N/nyx-cosmetics-logo-D868486441-seeklogo.com.png
NYX Professional Makeup,global,https://lens-storage.storage.googleapis.com/png/74504afc12b6483d988c46d13fa2f6ca
Oasis,global,https://www.tabletalkmedia.co.uk/wp-content/uploads/2015/11/Oasis-Logo.png
O'boy,global,https://images.ctfassets.net/zo243s55pyir/69AGgcoN97TghCWiayfiBm/8de863928e24ce6a8897658b8e19f98f/Oboy_new_logo.png?fm=webp&q=80
Ocean Spray,global,https://upload.wikimedia.org/wikipedia/commons/thumb/d/d5/Ocean_Spray_Logo.gif/1200px-Ocean_Spray_Logo.gif
Officine Universelle Buly,global,https://www.buly1803.hk/themes/buly2018/img/logos/logo2020.png
Off The Eaten Path,global,https://www.offtheeatenpathsnacks.co.uk/prod/s3fs-public/2023-03/brand-logo.png
OGX Beauty,global,https://youconnex.com/wp-content/uploads/2016/05/Logo-OGX.jpg
Oikos,global,https://assets-us-01.kc-usercontent.com/f5a2b33b-f1c1-0070-ebd4-26269b6538af/0a89c810-8e03-44c4-88e7-a0aebbc0417c/Oikos%20LOGO%202020-02.jpg?fm=png&h=150&q=80
Olay,global,https://cdn11.bigcommerce.com/s-gud7r2x2lu/images/stencil/250x100/download_1564578205__18126.original.png
Old Spice,global,https://logowik.com/content/uploads/images/old-spice8476.jpg
Olehenriksen,global,https://www.mylittlebox.fr/v2/uploads/brand/image-645520b4d55df.png
Omo,global,https://cdn.sanity.io/images/92ui5egz/production/c7797bb23f41427d002b1aafaabc4d6df67dbf2f-1080x1080.jpg?w=375&h=375&fit=crop&auto=format
OpenAI,global,https://pbs.twimg.com/profile_images/1634058036934500352/b4F1eVpJ_400x400.jpg
Opentable,global,https://images.ctfassets.net/2d5q1td6cyxq/3PVUGEvFSzhz3ITHrcGA0q/154f94f5ad8fdeef15079efeee37238c/Mark_RGB_White-Tile-512.png
Optimove,global,https://images.spr.so/cdn-cgi/imagedelivery/j42No7y-dcokJuNgXeA0ig/228de3f6-9c58-4567-af52-220570efeec3/images/w=450
Oracle,global,https://cdn.freebiesupply.com/logos/large/2x/oracle-1-logo-png-transparent.png
Oral-B,global,https://logowik.com/content/uploads/images/oral-b5576.jpg
Orangina,global,https://static.wikia.nocookie.net/logopedia/images/6/62/Orangina_logo.png
Orbit,global,https://i.pinimg.com/564x/73/dd/c8/73ddc82ab2602be0ff3ee766790a6ebc.jpg
Oreo,global,https://1000logos.net/wp-content/uploads/2020/07/Oreo-Logo.png
Origins,global,
Orkid,global,https://images.ctfassets.net/y9nwmnerpusb/7By3EJLUlu0t1gya2KJdO1/362346cd2ee4cd2305b865f7fa5a8e97/ORKID_logo_OG_image.jpg
Outbrain,global,"https://opinionstage-res.cloudinary.com/images/f_auto,q_auto/v1641219211/Case-studies-outbrain-/Case-studies-outbrain-.jpg"
Pagaya,global,https://images.spr.so/cdn-cgi/imagedelivery/j42No7y-dcokJuNgXeA0ig/887381e4-7273-4a73-92b5-40bf8488988c/pagaya/w=450
Pamesello,global,https://productsandbrandsgroup.com/wp-content/uploads/2021/07/Afbeelding12.png
Pampers,global,https://logowik.com/content/uploads/images/pampers-new9712.logowik.com.webp
Panoray,global,https://images.spr.so/cdn-cgi/imagedelivery/j42No7y-dcokJuNgXeA0ig/6537c9af-e059-4022-8228-384d9ccad565/Screenshot_2023-10-30_at_13.58.00/w=450
Pantene,global,https://logowik.com/content/uploads/images/865_pantene.jpg
Papaya Global,global,https://images.spr.so/cdn-cgi/imagedelivery/j42No7y-dcokJuNgXeA0ig/b7759c98-086a-497d-8160-e038e56ee8cd/Papaya_Global_logo/w=450
Paramount+,global,
Paramount Network,global,
Paramount Television,global,
Pasta Roni,global,https://static.wikia.nocookie.net/logopedia/images/d/d2/IMG_20190503_224945.jpg/revision/latest?cb=20190503145649
Patou,global,https://r.lvmh-static.com/uploads/2019/05/patou-logo-ok.png
Pattex,global,https://www.henkel.be/resource/image/26250/1x1/1000/1000/64c2c751c489f3424e650da983619623/5C9ABE2AFACD38B07FE93702B61F4870/pattex-logo.webp
PayEm,global,https://images.spr.so/cdn-cgi/imagedelivery/j42No7y-dcokJuNgXeA0ig/b20fa9b7-ce03-46a7-9aae-111cf4cc01f9/69e8f65a0d4bfff5953eb4e5256468a186320208-2400x1256/w=450
Payoneer,global,https://static.vecteezy.com/system/resources/previews/027/127/484/original/payoneer-logo-payoneer-icon-transparent-free-png.png
PDQ,global,https://images.spr.so/cdn-cgi/imagedelivery/j42No7y-dcokJuNgXeA0ig/f65d3f7a-9067-4e5c-9939-cf291e601be1/pdq/w=450
Peace Tea,global,https://www.libertycoke.com/wp-content/uploads/2017/10/peace-tea.png
Pearl Milling Company,global,https://upload.wikimedia.org/wikipedia/en/3/38/Pearl_milling_co_logo.png
Pedigree,global,https://aus.mars.com/sites/g/files/jydpyr531/files/styles/brands_grid/public/2019-04/Logos_Pedigree.png
PeerSpot,global,https://images.spr.so/cdn-cgi/imagedelivery/j42No7y-dcokJuNgXeA0ig/efd2bec5-511a-49c8-903d-b9aecf499523/PeerSpot_Logo_Horizontal_Light-BG/w=450
Peet's Coffee,global,https://dg6qn11ynnp6a.cloudfront.net/wp-content/uploads/2019/10/04114953/18274759_10154462185956190_6773480231895222987_n.jpg
Pepto Bismol,global,https://mir-s3-cdn-cf.behance.net/project_modules/max_1200/f631dc77864589.5cdf2e3c7e734.png
Perfax,global,
Perfect Snacks,global,
Permit.io,global,https://images.spr.so/cdn-cgi/imagedelivery/j42No7y-dcokJuNgXeA0ig/06987c8d-666e-4f4e-a3f5-1518a02a0302/permitio-SQ/w=450
Perrier,global,https://upload.wikimedia.org/wikipedia/commons/thumb/7/7e/Perrier_logo.svg/2560px-Perrier_logo.svg.png
Persil,global,https://brandstruck.co/wp-content/uploads/2021/03/Persil-brand-strategy-positioning.jpeg
Philadelphia,global,https://www.bidfood.com.au/wp-content/uploads/New-Philadelphia_Logo-medium-e1632273723706.png
Pizza Hut,global,https://upload.wikimedia.org/wikipedia/commons/1/17/Pizza_Hut_international_logo_2014.svg
Placer.ai,global,https://images.spr.so/cdn-cgi/imagedelivery/j42No7y-dcokJuNgXeA0ig/d0b3854d-ee3a-4c52-a6fc-6fd94e136da2/Placer_ai_Logo/w=450
Pluto TV,global,
PopCorners,global,https://upload.wikimedia.org/wikipedia/commons/5/5f/PopCornerslogo.png
Popeyes,global,https://restaurantpropertysellers.com/wp-content/uploads/2021/11/popeyes-london-reviews.png
Pop TV,global,
Popworks,global,https://pbs.twimg.com/profile_images/1374861075456344064/GSP4UG8V_400x400.jpg
Pot Noodle,global,https://cdn.sanity.io/images/92ui5egz/production/9922f7268ca3c5c916e5bc3c7ee4e1e5532e8ec9-1080x1080.png?w=600&h=600&fit=crop&auto=format
Power Action,global,https://media.home.bargains/brand-images/3/6/9/0/36907459caf36331f385a4772a62ee468006af37.png?x=200
Powerade,global,https://logowik.com/content/uploads/images/powerade374.logowik.com.webp
PowerBar,global,https://sport.powerbar.com/wp-content/uploads/powerbar-logo.png
Powtoon,global,https://images.spr.so/cdn-cgi/imagedelivery/j42No7y-dcokJuNgXeA0ig/fe4f59e7-0137-4af1-993b-dcea3e99c099/download-3/w=450
Prada,global,
Prada Beauty,global,https://d1yjjnpx0p53s8.cloudfront.net/styles/logo-thumbnail/s3/102010/prada-original.png
Pret-a-manger,global,https://assets-global.website-files.com/5fc66e869d342de866828246/608b0051cb53d41b16cdb8a7_8c91b58f-2c56-42fb-9992-b35e250d4b1aLogo.jpeg
Priceline,global,https://is1-ssl.mzstatic.com/image/thumb/Purple126/v4/66/7f/7e/667f7e45-46c3-e181-b66f-a4ecde39c5ea/Standard_App_Icon-0-0-1x_U007epad-0-0-sRGB-85-220.png/460x0w.webp
Prilosec,global,https://images.ctfassets.net/wi6gwkhx363s/tWXfh4bYzghGQmH9ACHJ5/f26f0978f7ee5730b02161dcf1038007/Prilosec_Logo_V2.png
Prince,global,https://static.wikia.nocookie.net/logopedia/images/1/11/Prince_%281998%29.jpg/revision/latest?cb=20191010063958
Pritt,global,https://www.henkel.be/resource/image/26290/1x1/1000/1000/84da2a7f9cf3d1dd263adcaefc5db577/58BD597B54ADAF83B78BE6C777BADFE5/pritt-logo.webp
Procter & Gamble,global,https://logowik.com/content/uploads/images/108_procterandgamble.jpg
Propel,global,https://mma.prnewswire.com/media/1809486/PepsiCo_Beverages_Propel_Logo.jpg?p=facebook
Puffs,global,https://static.wikia.nocookie.net/logopedia/images/1/10/Puffs-2012.png/revision/latest/scale-to-width-down/250?cb=20201023124052
Puma,global,
Pure Leaf,global,https://www.logo-designer.co/storage/2019/06/2019-pure-leaf-tea-logo-packaging-design-by-pb-creative.png
Pure Life,global,https://www.nestle.com/sites/default/files/styles/thumbnail/public/pure-life-logo-square.png
Purina,global,https://1000logos.net/wp-content/uploads/2020/07/Purina-Logo.png
Quaker,global,https://static.wikia.nocookie.net/logopedia/images/f/ff/Quaker_%282011%29.svg/revision/latest/scale-to-width-down/250?cb=20221006105423
Quaker Oats,global,https://d1yjjnpx0p53s8.cloudfront.net/styles/logo-thumbnail/s3/082012/quakeroats.jpg
Quality Street,global,https://www.nestle.com/sites/default/files/styles/thumbnail/public/qs-logo-round.png
Qwak,global,https://images.spr.so/cdn-cgi/imagedelivery/j42No7y-dcokJuNgXeA0ig/949f392c-0bcd-4c38-b0af-6192eb92fcf7/logo_qwak-inerpage/w=450
Radware,global,https://pbs.twimg.com/profile_images/971426878870441984/XfFqpXy2_400x400.jpg
Ralph Lauren Fragrances,global,
Ralph Lauren Frangrances,global,https://d1yjjnpx0p53s8.cloudfront.net/styles/logo-thumbnail/s3/0003/0211/brand.gif
Rani,global,https://aujan.com/wp-content/uploads/2015/03/rani1.jpg
Rapunzel,global,https://www.rapunzel.de/design/logo-rapunzel-naturkost-legau.png
Rapyd,global,https://asset.brandfetch.io/idof9qvLRk/idxKqLpmSt.jpeg
Rare Beauty by Selena Gomez,global,https://s1.tryandreview.com/uploads/images/brands/fe33a974152b68a4d22073dd2ec79c176ab1cf0a.png
Ratiopharm,global,https://media.licdn.com/dms/image/C4E0BAQHYEaHZSilvfg/company-logo_200_200/0/1674555567080/ratiopharm_logo?e=2147483647&v=beta&t=KAESg7vj02IJ_BteV3pVqlQZZ8Il7rvhxcyu4iOIMHc
Raytheon,global,https://i.redd.it/dbnb0o1q6ci81.png
RBS,global,https://www.princessroyaltrainingawards.com/wp-content/uploads/2017/08/Logos-510x288-RBS.jpg
Receive,global,https://images.spr.so/cdn-cgi/imagedelivery/j42No7y-dcokJuNgXeA0ig/4a47caef-7c57-4c74-ac13-87e23436909c/receive/w=450
Redoxon,global,https://www.redoxon.es/sites/g/files/vrxlpx43341/files/redoxon_RGB_72ppp.png
Red Rock Dell,global,https://www.redrockdeli.com.au/sites/brand-redrockdeli-com-au/themes/custom/pepsico_redrockdeli/redrockdelilogo.png
Regatta Data,global,https://images.spr.so/cdn-cgi/imagedelivery/j42No7y-dcokJuNgXeA0ig/8d8ee867-9b4e-4497-a9e5-8ba85726d774/Regatta_Logo_CMYK/w=450
Rennie,global,https://seeklogo.com/images/R/rennie-logo-4194C0174A-seeklogo.com.png
Rentalcars.com,global,https://is1-ssl.mzstatic.com/image/thumb/Purple126/v4/45/e0/e5/45e0e5d7-4571-8720-3042-165a262b6e26/AppIcon-1x_U007emarketing-0-7-0-sRGB-85-220.png/460x0w.webp
Repossi,global,https://upload.wikimedia.org/wikipedia/commons/0/01/Repossi-logo.png
Rexona,global,https://cdn.sanity.io/images/92ui5egz/production/d806c6c7edf6271cb15478eae7c34485f4f35d41-1080x1080.jpg?w=375&h=375&fit=crop&auto=format
Rimowa,global,https://upload.wikimedia.org/wikipedia/commons/6/6e/RIMOWA_Logo.svg
Rindex,global,https://static.wikia.nocookie.net/logopedia/images/6/6e/Rindex_3en1.png/revision/latest?cb=20180527174839
Riskified,global,https://images.spr.so/cdn-cgi/imagedelivery/j42No7y-dcokJuNgXeA0ig/cc1c7dc6-28b3-443f-847e-f4bb585af9d1/Riskified_logo/w=450
Ritual,global,https://images.spr.so/cdn-cgi/imagedelivery/j42No7y-dcokJuNgXeA0ig/70165f88-9dc3-4159-b500-ebac32ed571d/ritual/w=450
Ritz,global,https://upload.wikimedia.org/wikipedia/commons/7/72/Ritz_crackers_logo.png
River Island,global,https://eu-images.contentstack.com/v3/assets/blt781c383a1983f673/bltd2ce17abcde2167e/621c9c6327606b7ce81a315e/riverisland.png
Riverside.fm,global,https://images.spr.so/cdn-cgi/imagedelivery/j42No7y-dcokJuNgXeA0ig/e5b52791-8393-4db7-8b5a-1774af79ed02/IMG_7807/w=450
Rivery,global,https://images.spr.so/cdn-cgi/imagedelivery/j42No7y-dcokJuNgXeA0ig/12d77274-da46-4d5c-87ff-4c31842367a0/1613496076345/w=450
Rockstar,global,https://assets.stickpng.com/images/623de9e470712bdafc63c39a.png
Rockstar Energy,global,https://d1yjjnpx0p53s8.cloudfront.net/styles/logo-thumbnail/s3/0025/2387/brand.gif
Rold Gold,global,https://upload.wikimedia.org/wikipedia/commons/3/36/Roldgold_brand_logo.png
Royal,global,
Royal Canin,global,https://aus.mars.com/sites/g/files/jydpyr531/files/styles/brands_grid/public/2019-03/Logos_BUSINESS_SEGMENTS_23.png
Royco,global,https://cdn.cookielaw.org/logos/d1e11f1a-eba2-4782-b269-bc5eb85f98f4/f63bc57c-cb85-4487-98cd-38708ae6c1cc/3b66adab-86cc-44f9-aaa5-6f6f1cff6b55/royco.jpg
Rubson,global,
Ruffles,global,https://seeklogo.com/images/R/ruffles-logo-3A4BA2B805-seeklogo.com.png
Rupert,global,https://images.spr.so/cdn-cgi/imagedelivery/j42No7y-dcokJuNgXeA0ig/7169f551-4a49-4888-970d-0c97a5716adf/rupert/w=450
Sabra,,
Sabritas,global,https://upload.wikimedia.org/wikipedia/commons/thumb/4/48/Sabritas_2001.svg/1200px-Sabritas_2001.svg.png
Sabritones,global,https://static.wikia.nocookie.net/logopedia/images/e/e7/Sabritones-809x397.jpg/revision/latest/scale-to-width-down/427?cb=20210827194456
Sadaf Foods,global,https://www.sadaf.com/cdn/shop/files/sadaf-logo_a5f4d83a-9320-4874-9e71-a4002d5e7f4a_600x.png
Safeguard,global,https://1000logos.net/wp-content/uploads/2020/04/Safeguard-Logo.png
Salto,global,https://images.spr.so/cdn-cgi/imagedelivery/j42No7y-dcokJuNgXeA0ig/e57bb9a3-2a5e-423c-8faa-4a5870faf327/Salto_Logo/w=450
Salt Security,global,https://images.spr.so/cdn-cgi/imagedelivery/j42No7y-dcokJuNgXeA0ig/9230298b-5038-45ee-a943-715bcdf70079/Salt_logo_full_color_RGB_final_(1)/w=450
Salvo,global,https://upload.wikimedia.org/wikipedia/en/f/fd/Logo_of_Salvo_brand_detergent%2C_2020.jpg
Sanpelegrino,global,https://1000logos.net/wp-content/uploads/2020/09/S.-Pellegrino-Logo.jpg
SAP,global,https://cdn.icon-icons.com/icons2/2699/PNG/512/sap_logo_icon_170763.png
Scholl,global,
Schwarzkopf,global,https://www.henkel.be/resource/image/214622/1x1/1000/1000/6aac5b37116440b0eb2c8b883ea367f4/AC066B0CBFDE347FB042913CD70B0F56/schwarzkopf-corporate.webp
Schweppes,global,https://upload.wikimedia.org/wikipedia/fr/5/52/Schweppes.png
Scotia Bank,global,https://logosandtypes.com/wp-content/uploads/2020/08/Scotiabank.png
Secret,global,https://seeklogo.com/images/S/secret-logo-985DDC2DD2-seeklogo.com.png
Seeds of Change,global,https://www.seedsofchange.com/sites/g/files/fnmzdf1856/files/SOC-logo-500w.png
Sentra,global,https://images.spr.so/cdn-cgi/imagedelivery/j42No7y-dcokJuNgXeA0ig/dcd8e76a-062c-4056-81b1-8c12db3cdb4d/Sentra-logo/w=450
Sephora,global,https://1000logos.net/wp-content/uploads/2018/08/Sephora-Logo.png
Seven Seas,global,https://static.wikia.nocookie.net/logopedia/images/2/24/Seven_Seas_%28vitamins%29_1.png
Shams,global,https://d36musakzcdau7.cloudfront.net/ourdesistore/Product/393795f0-8fc4-11ec-b3e8-2177376a7905/resize/SHAMS-DATES-2LB-SHAMS.jpg-1645452365.jpg.webp
Sheba,global,https://assets.stickpng.com/images/6027eb75ed4efb000419981b.png
Showtime Networks Inc.,global,
Shredded Wheat,global,https://www.nestle.com/sites/default/files/styles/thumbnail/public/cereals-shredded-wheat-logo.png
Shreddies,global,https://www.nestle.com/sites/default/files/styles/thumbnail/public/cereals-shreddies-logo.png
Shu Uemura,global,
Siemens,global,https://logowik.com/content/uploads/images/316_siemens.jpg
Sierra Mist,global,https://upload.wikimedia.org/wikipedia/commons/7/7a/Sierra_Mist_2018_Logo.svg
Signal,global,https://logowik.com/content/uploads/images/signal-plus.jpg
Silan,global,https://www.henkel.be/resource/image/27920/1x1/1000/1000/dc8bf71e80d99921312b66f81675ba81/EAFF78A4316702A3E67FB47A944A5560/silan-logo.webp
Silverfort,global,https://images.spr.so/cdn-cgi/imagedelivery/j42No7y-dcokJuNgXeA0ig/0a972bba-0812-495a-928e-ed04dbb47a7a/Screenshot_2023-10-30_at_13.55.33/w=450
Similarweb,global,https://images.spr.so/cdn-cgi/imagedelivery/j42No7y-dcokJuNgXeA0ig/dc6c042d-4968-4bea-837c-173618d722b7/swlogo-og2023/w=450
Simply,global,https://www.drinksimplybeverages.com/content/dam/nagbrands/us/simply/en/home/2022/simply-logo-transparent.png
Simply Beverages,global,https://dlmdistributors.com/wp-content/uploads/2019/09/simply-beverages-logo.png
Sirma,global,https://logowik.com/content/uploads/images/718_sirma_logo.jpg
Sisense,global,https://d3an9kf42ylj3p.cloudfront.net/uploads/2022/01/Sisense-Logo-Vertical-black.png
Skechers,global,https://logowik.com/content/uploads/images/skechers5769.logowik.com.webp
Skii,global,https://cdn.freebiesupply.com/logos/large/2x/sk-ii-logo-png-transparent.png
Skims,global,https://pbs.twimg.com/profile_images/1619738248468922368/dYCNOxM__400x400.jpg
SkinBetter Science,global,https://delawarevalleyplasticsurgery.com/wp-content/uploads/2020/06/skinbetter-logo.png
SkinCeuticals,global,https://skintelligencepartners.com/wp-content/uploads/2018/09/SkinCeuticals-Logo-Cosmedic-Online-e1586272527991.png
Skittles,global,https://1000logos.net/wp-content/uploads/2017/10/skittles-logo-color.jpg
Smartfood,global,https://upload.wikimedia.org/wikipedia/en/2/27/Smartfoodpopcorn.png
Smarties,global,https://www.nestle.com/sites/default/files/styles/thumbnail/public/smarties-logo-round-2022.png?itok=R1mC_Uc1
Smartwater,global,https://www.coca-colahellenic.com/content/dam/cch/us/images/our-24-7-portfolio/brand-image/glaceau-smartwater-logo-300x300.png
smashbox,global,
Smithsonian Channel(tm),global,
Snack a Jacks,global,https://www.snackajacks.nl/prod/s3fs-public/off_pack_purple_background_0.png
Snickers,global,https://1000logos.net/wp-content/uploads/2020/06/Snickers-Logo.png
Snyk,global,https://images.spr.so/cdn-cgi/imagedelivery/j42No7y-dcokJuNgXeA0ig/1c840dfc-c016-4abd-9f5f-88a8835ac038/snyk/w=450
Sobe,global,https://cdn.worldvectorlogo.com/logos/sobe.svg
SodaStream,global,https://upload.wikimedia.org/wikipedia/commons/thumb/6/63/Soda_Stream_Logo.svg/2560px-Soda_Stream_Logo.svg.png
Soulboost,global,https://mma.prnewswire.com/media/1810307/soulboost_horizontal_Logo.jpg?p=twitter
Sour Patch Kids,global,https://i.pinimg.com/originals/c5/ed/93/c5ed936031d0577e7e565902b841da68.png
spa,,https://cdn.worldvectorlogo.com/logos/spa-water-reine.svg
S.Pellegrino,global,https://www.nestle.com/sites/default/files/styles/thumbnail/public/asset-library/publishingimages/brands/bottled-water/spellegrino-logo-round.png
Sprite,global,https://1000logos.net/wp-content/uploads/2020/09/Sprite-Logo.png
Spyglass Media Group,global,https://spyglassmediagroup.com/user/themes/spyglass/images/share.jpg
Stacy's,global,https://m.media-amazon.com/images/S/abs-image-upload-na/f/AmazonStores/ATVPDKIKX0DER/97b94b04168436ab9a804d6070f99795.w3000.h3000.jpg
Standard Life,global,https://www.lincs-chamber.co.uk/wp-content/uploads/2018/02/Standard-Life-Assurance-logo.png
Starboard Cruise Services,global,https://www.bwconfidential.com/wp-content/uploads/2023/03/logo_starboard_final.png
Starbucks,global,https://www.tailorbrands.com/wp-content/uploads/2020/11/starbucks-logo-2011.jpg
Starry,global,https://mma.prnewswire.com/media/1981197/STARRY_Lemon_Lime__Logo.jpg?p=twitter
STELLA by Stella McCartney,global,https://r.lvmh-static.com/uploads/2022/08/stella-logo.png
Stella McCartney,global,https://cdn.cookielaw.org/logos/db3cf2f9-09f6-47ab-b58f-c5e38cd9dd46/6a6a57b4-fe7b-44c6-afe5-6fc7ba649017/f2ad86fb-014b-47ef-ae6d-e1121cb87910/STELLA-Logo_updated_SMC_GREEN.png
STMNT STATEMENT GROOMING GOODS,global,
Strepsils,global,
Stride,global,
Stuff That Works,global,https://images.spr.so/cdn-cgi/imagedelivery/j42No7y-dcokJuNgXeA0ig/430916fc-373f-4334-9c19-e4482744e856/stuffthatworks/w=450
StyleNanda,global,https://tukuz.com/wp-content/uploads/2020/05/3ce-stylenanda-logo-vector.png
Substrata,global,https://images.spr.so/cdn-cgi/imagedelivery/j42No7y-dcokJuNgXeA0ig/b15d7fea-79a8-4550-8cca-ff8153a85c77/substrata_ko/w=450
Sudocrem,global,https://www.chemist.net/pub/media/brand/sudocrem_bd37.jpg
SunChips,global,https://getvectorlogo.com/wp-content/uploads/2020/04/sunchips-vector-logo.png
Sunlight,global,https://www.careline.be/sk-eu/content/dam/brands/sunlight/indonesia/1928579-sunlight-logo.jpg.rendition.1960.1960.jpg
Sunsilk,global,https://upload.wikimedia.org/wikipedia/commons/7/7e/Sunsilk_%282022%29.png
Supradyn,global,https://static.wikia.nocookie.net/logopedia/images/3/30/Supradyn_logo.gif/revision/latest/scale-to-width-down/200?cb=20151004164527
Surf,global,https://cdn.sanity.io/images/92ui5egz/production/e80729857a4e391984df4473831a0cce25271b02-280x280.jpg?w=375&h=375&fit=crop&auto=format
Suzi Wan,global,https://www.quellesauce.com/wp-content/uploads/2020/10/brand-suziwan-324x324.png
Sweep,global,https://images.spr.so/cdn-cgi/imagedelivery/j42No7y-dcokJuNgXeA0ig/3b9de215-0193-45ad-a044-60941b02d495/sweep/w=450
Sweet Earth,global,https://goodnes.com/sites/g/files/jgfbjl131/files/gdn_brand/Logo_Light_0.svg
Swiffer,global,https://upload.wikimedia.org/wikipedia/en/e/ef/Swiffer_logo.svg
Swimm,global,https://images.spr.so/cdn-cgi/imagedelivery/j42No7y-dcokJuNgXeA0ig/f2d4191e-f32d-4dc9-a524-2de0602e9ab3/code_block_Shirley_Schoenfeld/w=450
Swoodoo,global,https://upload.wikimedia.org/wikipedia/commons/f/f3/Swoodoo-logo.png
Syoss,global,https://www.henkel.be/resource/image/35476/1x1/1000/1000/6095ce588d11650ef84c212a64e7566f/51ED2150AC7FB0DE697FF2F1C733F682/syoss-logo.webp
Taboola,global,https://www.proggio.com/wp-content/uploads/2019/01/feat-Taboola.png
Taco Bell,global,https://logowik.com/content/uploads/images/taco-bell5450.jpg
tadelle,,https://marmarabati.com/images/1680430833.png
Tag Heuer,global,https://upload.wikimedia.org/wikipedia/commons/thumb/d/de/TAG_Heuer_Logo.svg/2366px-TAG_Heuer_Logo.svg.png
TAKAMI,global,
Talon,global,https://images.spr.so/cdn-cgi/imagedelivery/j42No7y-dcokJuNgXeA0ig/e2f2990b-dd3d-40e5-b634-28984a975f34/Logo03/w=450
Tampax,global,https://logowik.com/content/uploads/images/tampax3061.jpg
Tang,global,
Tasty Bite,global,https://static.wikia.nocookie.net/logopedia/images/3/3c/Tasty_Bite.png/revision/latest?cb=20200620190621
Tate's Bake Shop,global,
Tazo,global,https://seekvectorlogo.net/wp-content/uploads/2018/08/tazo-vector-logo.png
Ted Baker,global,https://pbs.twimg.com/profile_images/1568200497495957504/KtOLABAq_400x400.jpg
Telefe,global,
Temptations,global,https://photos.prnewswire.com/prnfull/20160805/396309LOGO
Teroson,global,https://www.henkel.nl/resource/image/22598/1x1/1000/1000/a710b5a3f8f9d3e1aeedcf0fe7bf4433/2646E74A06742F88D5B6D2BF13FDEC25/teroson-logo.webp
Tesco,global,https://assets.website-files.com/622733c59bf20d8a074764f6/622733c59bf20dbdf4476887_Tesco.png
Teva Pharmaceuticals,global,https://upload.wikimedia.org/wikipedia/commons/thumb/4/4c/Teva_Pharmaceuticals_logo.png/2560px-Teva_Pharmaceuticals_logo.png
The Art Of Shaving,global,https://mma.prnewswire.com/media/74925/the_art_of_shaving_logo.jpg?p=twitter
THE CW TELEVISION NETWORK,global,
The Habit Burger Grill,global,https://logowik.com/content/uploads/images/t_the-habit-burger-grill1998.jpg
The Ordinary,global,https://logovectordl.com/wp-content/uploads/2020/12/the-ordinary-logo-vector.png
This is L,global,https://upload.wikimedia.org/wikipedia/commons/2/28/This_is_L._Inc._Company_Logo.jpg
Thomy,global,https://assets.stickpng.com/images/5ae22e1733b73fa43b1a8949.png
Tide,global,https://upload.wikimedia.org/wikipedia/commons/thumb/1/1e/Tide_Logo_RGB_2014.png/640px-Tide_Logo_RGB_2014.png
Tiffany & CO,global,https://download.logo.wine/logo/Tiffany_%26_Co./Tiffany_%26_Co.-Logo.wine.png
Tiger,global,
TimeOS,global,https://images.spr.so/cdn-cgi/imagedelivery/j42No7y-dcokJuNgXeA0ig/c3a72217-f47c-42a8-ad01-c1393651d207/timeOS/w=450
Tim Hortons,global,https://fiu-original.b-cdn.net/fontsinuse.com/use-images/168/168197/168197.png?filename=Tim_Hortons_Maple_Leaf.png
Tipalti,global,https://images.spr.so/cdn-cgi/imagedelivery/j42No7y-dcokJuNgXeA0ig/5c7b5571-987e-490d-92ee-6a38fe046ac3/Tipalti_Logo.svg/w=450
Toblerone,global,https://1000logos.net/wp-content/uploads/2022/10/Toblerone-Logo-1999.png
Tolstoy,global,https://images.spr.so/cdn-cgi/imagedelivery/j42No7y-dcokJuNgXeA0ig/da6164fd-9314-4af2-81ee-90cfc9020874/633ec1755a84a84fdc4915d4_Cover/w=450
Tom Ford,global,https://1000logos.net/wp-content/uploads/2021/06/Tom-Ford-logo.png
Tom Ford Beauty,global,https://media.licdn.com/dms/image/D4E0BAQH9tPiLt38cxA/company-logo_200_200/0/1695305566079?e=2147483647&v=beta&t=er2z4E0XEEsougatDEiiqIlaKhIJ4JnbpT2yTPKZqbM
Too Faced,global,
Topo Chico,global,https://www.topochico.com/content/dam/nagbrands/us/topochico/en/photos/RedMark.png
torku,,https://seeklogo.com/images/T/torku-logo-8390D867D6-seeklogo.com.png
Tory Burch,global,https://1000logos.net/wp-content/uploads/2017/08/Tory-Burch-emblem.jpg
Tostitos,global,https://1000logos.net/wp-content/uploads/2021/05/Tostitos-logo.png
Trendemon,global,https://images.spr.so/cdn-cgi/imagedelivery/j42No7y-dcokJuNgXeA0ig/e70a06ad-65e0-483b-a26f-a4c86c825e73/TrenDemon_logo/w=450
Tresemme,global,https://assets.stickpng.com/images/5a393116c488ac6062ac2ad2.png
Trident,global,https://mma.prnewswire.com/media/1820186/Trident_Gum_Logo.jpg?p=facebook
Trigo,global,https://images.spr.so/cdn-cgi/imagedelivery/j42No7y-dcokJuNgXeA0ig/67864733-8fe7-438d-8820-c649883cc244/Trigo_Logo_R/w=450
TripleWhale,global,https://images.spr.so/cdn-cgi/imagedelivery/j42No7y-dcokJuNgXeA0ig/a615ed92-03af-45a4-a45b-8731f9e9749e/IMG_7803/w=450
Triscuit,global,
Tropicana,global,https://1000logos.net/wp-content/uploads/2020/09/Tropicana-Logo.png
Tropico,global,https://www.slogan.pub/img/brands/1/1_Tropico.png
Tru Fru,global,https://trufru.com/wp-content/uploads/2020/02/favicon.png
Trullion,global,https://images.spr.so/cdn-cgi/imagedelivery/j42No7y-dcokJuNgXeA0ig/a93daf5e-7ad9-499d-8ed6-bc0cd8fc56e9/Trullion-Combo-Forest/w=450
Tuc,global,https://static.wikia.nocookie.net/logopedia/images/b/b0/LOGO_TUC.png/revision/latest?cb=20180620085625
Tufin,global,https://images.spr.so/cdn-cgi/imagedelivery/j42No7y-dcokJuNgXeA0ig/e210e21d-ef05-45a1-b138-954b52d4e14c/tufinlogo-1/w=450
turkish airlines,,https://1000logos.net/wp-content/uploads/2020/04/Turkish_Airlines_logo.png
Turkuaz Su,global,https://encrypted-tbn0.gstatic.com/images?q=tbn:ANd9GcTVCpHf-U9TgYgzm6vOvvt9vdwQdfuemrdfw9vRmFBH&s
Tursil,global,https://www.henkel.com.tr/resource/image/629994/1x1/1000/1000/c7b37e1ecee680e8e36e6edcc3c9a960/66296448F28CFBA34C3B0327063BE5CF/tursil-logo-png.webp
TV Land,global,
Twix,global,https://1000logos.net/wp-content/uploads/2020/07/Twix-Logo.png
ulker,,https://upload.wikimedia.org/wikipedia/commons/thumb/3/38/%C3%9Clker_logo.svg/2560px-%C3%9Clker_logo.svg.png
uludag icecek,,https://www.uludagicecek.com.tr/_assets/img/logo.png
Unicef,global,https://www.egnetwork.eu/wp-content/uploads/2021/03/Logo_Signature_Container_Circle_ENG_RGB.png
Unilever,global,https://logowik.com/content/uploads/images/unilever-new6188.logowik.com.webp
Unit,global,https://images.spr.so/cdn-cgi/imagedelivery/j42No7y-dcokJuNgXeA0ig/9a9e7272-5a7e-4405-88ed-12a2f78fcfee/Screenshot_2023-10-30_at_10.03.51/w=450
Urban Decay,global,
Valentino Beauty,global,
Vanish,global,
Vaseline,global,https://cdn.sanity.io/images/92ui5egz/production/2e567019d299a63e69c7cefa0a1bd0995c23ceb2-1080x1080.png?w=600&h=600&fit=crop&auto=format
Veet,global,
Venus,global,https://1000logos.net/wp-content/uploads/2021/04/Venus-logo.png
Verbit,global,https://images.spr.so/cdn-cgi/imagedelivery/j42No7y-dcokJuNgXeA0ig/2571a9fa-8d41-4c2c-9265-951f60d13c0b/ee8b3285-d5e6-4fee-9938-08c256c38e0b/w=450
Verily,global,
Viber,global,https://cdn-icons-png.flaticon.com/512/124/124016.png
Vicks,global,https://upload.wikimedia.org/wikipedia/commons/6/65/VicksLogo.png
Victorias Secret,global,https://d1yjjnpx0p53s8.cloudfront.net/styles/logo-thumbnail/s3/042017/untitled-2_15.png
VidCon,global,
Viktor & Rolf,global,
Viktor & Rolf Beauty,global,https://d1yjjnpx0p53s8.cloudfront.net/styles/logo-thumbnail/s3/062010/VR_logo.gif
Visa,global,https://usa.visa.com/dam/VCOM/regional/ve/romania/blogs/hero-image/visa-logo-800x450.jpg
Vitalinea,global,https://www.grupodanone.com.mx/media/436326/vitalinea_logo.png
vitaminwater,global,https://upload.wikimedia.org/wikipedia/fr/d/d9/Logo_Glac%C3%A9au_vitaminwater.png
Vittel,global,https://www.pinnaclegastro.com/img/vittel/vittel-logo.jpg
Volvic,global,https://www.volvic.co.uk/fileadmin/user_upload/volvic_instagram.png
Volvo Heavy Machinery,global,https://d1yjjnpx0p53s8.cloudfront.net/styles/logo-thumbnail/s3/052018/untitled-4_19.png?Nrpk5Y1UlrEvEEOMK6vQRsPrg_u.VN8O&itok=wHARdQlD
Walkers,global,https://static.wikia.nocookie.net/logopedia/images/f/f0/Walkers-2007.png/revision/latest?cb=20210923175945
Walkme,global,https://images.spr.so/cdn-cgi/imagedelivery/j42No7y-dcokJuNgXeA0ig/fa0352a4-f47a-41db-8b10-a6dbe34c4e72/walkme-logo/w=450
Wall's,global,https://cdn.sanity.io/images/92ui5egz/production/88537a9efbbd962b3ff2f063af7b7b6985c146bc-1080x1080.png?w=600&h=600&fit=crop&auto=format
Walls Ice Creams,global,https://cdn.sanity.io/images/92ui5egz/production/88537a9efbbd962b3ff2f063af7b7b6985c146bc-1080x1080.png?w=375&h=375&fit=crop&auto=format
Walmart,global,https://media.designrush.com/inspiration_images/345908/conversions/walmart_1-preview.jpg
Walnut,global,https://images.spr.so/cdn-cgi/imagedelivery/j42No7y-dcokJuNgXeA0ig/1c974c40-34d9-4c32-9514-7a46a968828e/walnut_logo_freelogovectors.net_/w=450
Waymo,global,
Waze,global,https://9to5google.com/2020/06/29/waze-logo-2020-brand-refresh/waze-logo-2020-1/
Wells Fargo,global,https://upload.wikimedia.org/wikipedia/commons/thumb/e/e2/Wells_Fargo_Logo_%282020%29.svg/800px-Wells_Fargo_Logo_%282020%29.svg.png
Wheat Thins,global,
Whiskas,global,https://1000logos.net/wp-content/uploads/2023/03/Whiskas-Logo-2003.png
Wilco,global,https://images.spr.so/cdn-cgi/imagedelivery/j42No7y-dcokJuNgXeA0ig/9607275a-f45c-4c81-a71f-2471b2ee51e0/Wilco_Logo/w=450
Winterfresh,global,https://static.wikia.nocookie.net/logopedia/images/3/38/Winterfresh.svg/revision/latest/scale-to-width-down/300?cb=20221025103300
Witte Reus,global,https://www.henkel.nl/resource/image/655634/1x1/1000/1000/c0f89ca2ad37af0baa1c4c5c6302d5a8/FE99D799890B997AA617D94B0120C375/witte-reuss-logo-png.webp
Wix,global,https://cdn-icons-png.flaticon.com/512/5968/5968762.png
Wiz,global,https://images.spr.so/cdn-cgi/imagedelivery/j42No7y-dcokJuNgXeA0ig/b1fbb32c-c0cb-4893-b811-3cce6f52d6db/social_share_image.537ea7b6/w=450
Woolite,global,
Wrigley's,global,https://1000logos.net/wp-content/uploads/2020/07/Wrigley-Logo.png
Wrigley's Extra,global,https://static.wikia.nocookie.net/logopedia/images/3/36/Wrigley%27s_Extra_gum_brands_2015.png/revision/latest?cb=20150129144855
Wrigley's Spearmint,global,https://1000logos.net/wp-content/uploads/2021/05/Wrigleys-Spearmint-logo.png
Yachak,global,https://mma.prnewswire.com/media/1657381/Yachak_Logo.jpg?p=twitter
Yasminelle,global,https://static.shop-apotheke.com/brand-logos/yasminelle.png
Yedigun,global,https://yedigun.com.tr/ResourcePackages/Bootstrap/assets/dist/images/header-logo.png
Yotpo,global,https://images.spr.so/cdn-cgi/imagedelivery/j42No7y-dcokJuNgXeA0ig/aa01775f-72d3-43e4-a404-74a1fdbf7600/Yotpo-logo.svg/w=450
Youth to the people,global,
Youtube,global,
Yuesai,global,
Yum Foods,global,https://upload.wikimedia.org/wikipedia/commons/thumb/5/59/Yum%21_Brands_logo.svg/1200px-Yum%21_Brands_logo.svg.png
YumYum,global,https://www.ajinomoto.com/cms_wp_ajnmt_global/wp-content/uploads/brands/png/img_brand_YumYum.png
Yves Saint Laurent Beauty / YSL Beauty,global,https://d1yjjnpx0p53s8.cloudfront.net/styles/logo-thumbnail/s3/102014/logo_cassandre-ysl.png
Zara,global,https://static.dezeen.com/uploads/2019/02/new-zara-logo-hero-1.jpg
Zenith,global,https://upload.wikimedia.org/wikipedia/commons/thumb/a/a5/Zenith_logo.svg/2560px-Zenith_logo.svg.png
Zesty,global,https://images.spr.so/cdn-cgi/imagedelivery/j42No7y-dcokJuNgXeA0ig/dd6d84de-86bf-494c-bbfb-2d1be99c59eb/download/w=450
Zevo,global,https://logowik.com/content/uploads/images/zevo1964.jpg
Zwitsal,global,https://cdn.sanity.io/images/92ui5egz/production/18470457585f2a0423231ade79bb21745d0c0608-1080x1080.jpg?w=600&h=600&fit=crop&auto=format
ZzzQuil,global,https://seeklogo.com/images/Z/zzzquil-logo-D0BD9E95A7-seeklogo.com.png
